point_id,role,source,region,id_a,iq_a,if_a,lambda_d_wb,lambda_q_wb,solver_status,converged,provenance_id,project,design,setup,rotor_position_deg,mesh_elements,adaptive_passes,solver_message,torque_fem_nm,torque_controller_nm,pole_pairs,qualification_purpose,raw_units,campaign_id,raw_abc_flux_path,mesh_evidence_path,convergence_evidence_path,raw_progress_sha256,raw_row_sha256,raw_abc_flux_sha256,mesh_evidence_sha256,convergence_evidence_sha256
4cae54409e9a5cab,train,maxwell_aedt,boundary,-120.0,0.0,1.0,0.0163112850863,0.0415192719272,converged,True,eesm_qual:EESM_2D_Qual:Setup_Qual:4cae54409e9a5cab,eesm_qual,EESM_2D_Qual,Setup_Qual,180.0,1826,3,"{""errors"": [], ""solve_return"": 0, ""warnings"": []}",6.99756446008,-6.99756446008,2,4cae54409e9a5cab,"{""adaptive_passes"": ""count"", ""flux_d"": ""Wb"", ""flux_q"": ""Wb"", ""id"": ""A"", ""if"": ""A"", ""iq"": ""A"", ""mesh_elements"": ""count"", ""pole_pairs"": ""count"", ""rotor_position"": ""deg"", ""torque"": ""N*m""}",eesm_task9_real_baseline_20260715,C:\Users\darsh\TAMU\EMPE_Lab\Motor_Control_NN_Pipeline\out\eesm\task9_baseline\raw\point_exports\4cae54409e9a5cab_flux_abc.csv,C:\Users\darsh\TAMU\EMPE_Lab\Motor_Control_NN_Pipeline\out\eesm\task9_baseline\raw\solver_evidence\4cae54409e9a5cab_mesh.ms,C:\Users\darsh\TAMU\EMPE_Lab\Motor_Control_NN_Pipeline\out\eesm\task9_baseline\raw\solver_evidence\4cae54409e9a5cab_convergence.conv,f1e04575c5605fb4f5aae829a4f7a7b6dcc9e818de7248b23365c786eea0d33b,7e5aa0dd02a908d77b25a09f6d34edf62e5839e650b1ceb185fb410bf8cb1413,a66b9c748452e8b84f86632536a2935c847b9d2a65e6b51cb0771a44bc3594b0,1a87c1125674d64c25398cd5219f04749fa8bb84fb051ef48e16d62c01f088af,96d1cd78ef855753d40f19fe1ef53013ddd7add3e15f94e02ec145d1b1054013
756d155dba272cbe,train,maxwell_aedt,boundary,-120.0,120.0,15.0,-0.0806158753947,-0.0287431031654,converged,True,eesm_qual:EESM_2D_Qual:Setup_Qual:756d155dba272cbe,eesm_qual,EESM_2D_Qual,Setup_Qual,180.0,1564,2,"{""errors"": [], ""solve_return"": 0, ""warnings"": []}",-3.10540984738,3.10540984738,2,756d155dba272cbe,"{""adaptive_passes"": ""count"", ""flux_d"": ""Wb"", ""flux_q"": ""Wb"", ""id"": ""A"", ""if"": ""A"", ""iq"": ""A"", ""mesh_elements"": ""count"", ""pole_pairs"": ""count"", ""rotor_position"": ""deg"", ""torque"": ""N*m""}",eesm_task9_real_baseline_20260715,C:\Users\darsh\TAMU\EMPE_Lab\Motor_Control_NN_Pipeline\out\eesm\task9_baseline\raw\point_exports\756d155dba272cbe_flux_abc.csv,C:\Users\darsh\TAMU\EMPE_Lab\Motor_Control_NN_Pipeline\out\eesm\task9_baseline\raw\solver_evidence\756d155dba272cbe_mesh.ms,C:\Users\darsh\TAMU\EMPE_Lab\Motor_Control_NN_Pipeline\out\eesm\task9_baseline\raw\solver_evidence\756d155dba272cbe_convergence.conv,f1e04575c5605fb4f5aae829a4f7a7b6dcc9e818de7248b23365c786eea0d33b,db1650ffbabd93302b53999291a65765b37c8f2eb4359111fa105662f6151371,deb32b4a549273aecdc917743cdfd9c2606937f1764b2ae5c3d9a98b7367a7a1,d258d3a8277d2620e118a3b2967e557ca2134ffc457055a89141a9b4a35d7f92,5d3b03fe93cb79257a66dc12f38dc59c31d4f4b0e32ac044971a30e00c5333ed
3b1091af89281e9c,train,maxwell_aedt,boundary,0.0,120.0,7.5,0.0539389454563,0.0660100048338,converged,True,eesm_qual:EESM_2D_Qual:Setup_Qual:3b1091af89281e9c,eesm_qual,EESM_2D_Qual,Setup_Qual,180.0,1566,2,"{""errors"": [], ""solve_return"": 0, ""warnings"": []}",-18.128759464,18.128759464,2,3b1091af89281e9c,"{""adaptive_passes"": ""count"", ""flux_d"": ""Wb"", ""flux_q"": ""Wb"", ""id"": ""A"", ""if"": ""A"", ""iq"": ""A"", ""mesh_elements"": ""count"", ""pole_pairs"": ""count"", ""rotor_position"": ""deg"", ""torque"": ""N*m""}",eesm_task9_real_baseline_20260715,C:\Users\darsh\TAMU\EMPE_Lab\Motor_Control_NN_Pipeline\out\eesm\task9_baseline\raw\point_exports\3b1091af89281e9c_flux_abc.csv,C:\Users\darsh\TAMU\EMPE_Lab\Motor_Control_NN_Pipeline\out\eesm\task9_baseline\raw\solver_evidence\3b1091af89281e9c_mesh.ms,C:\Users\darsh\TAMU\EMPE_Lab\Motor_Control_NN_Pipeline\out\eesm\task9_baseline\raw\solver_evidence\3b1091af89281e9c_convergence.conv,f1e04575c5605fb4f5aae829a4f7a7b6dcc9e818de7248b23365c786eea0d33b,633d3dff0c77f8703223b7decca72b8d9afcfb0a4f1bf1275a8389a904023e54,5877f63775218b1a3146a0c21179e513e834b4f2987088d3ef80a3d43ecd9c02,fdbd6abc085a11bcb8f90cbe03287fd8d7abc9fc0040034ad5a2b937aac7bbb6,d56d38cd4958b986a79422e9701757c0d4122e92aadc8f65573a122042021ac4
8ce30f26cb12bf4a,train,maxwell_aedt,boundary,0.0,0.0,2.0,0.000138925188299,0.00247125914083,converged,True,eesm_qual:EESM_2D_Qual:Setup_Qual:8ce30f26cb12bf4a,eesm_qual,EESM_2D_Qual,Setup_Qual,180.0,1564,2,"{""errors"": [], ""solve_return"": 0, ""warnings"": []}",0.000317458050104,-0.000317458050104,2,8ce30f26cb12bf4a,"{""adaptive_passes"": ""count"", ""flux_d"": ""Wb"", ""flux_q"": ""Wb"", ""id"": ""A"", ""if"": ""A"", ""iq"": ""A"", ""mesh_elements"": ""count"", ""pole_pairs"": ""count"", ""rotor_position"": ""deg"", ""torque"": ""N*m""}",eesm_task9_real_baseline_20260715,C:\Users\darsh\TAMU\EMPE_Lab\Motor_Control_NN_Pipeline\out\eesm\task9_baseline\raw\point_exports\8ce30f26cb12bf4a_flux_abc.csv,C:\Users\darsh\TAMU\EMPE_Lab\Motor_Control_NN_Pipeline\out\eesm\task9_baseline\raw\solver_evidence\8ce30f26cb12bf4a_mesh.ms,C:\Users\darsh\TAMU\EMPE_Lab\Motor_Control_NN_Pipeline\out\eesm\task9_baseline\raw\solver_evidence\8ce30f26cb12bf4a_convergence.conv,f1e04575c5605fb4f5aae829a4f7a7b6dcc9e818de7248b23365c786eea0d33b,e8225b58ae00ed0fec33c7a9c878ddd19bcf4b17620b0b51ce22a722039f5843,45a1bb761fd4c8f7c9a3316042572d93d203ec79111d7ce5401633493496d45f,09fb6f24e150f363342ee31e54444c9c7288bf93fbbe8f34faab0a515b63ce02,1de6fb6a31a24ac527f96c154f97533fae491a95eb82f58bee3fe0601ba83210
ddae84aff9b47948,train,maxwell_aedt,field_weakening,-100.0,30.0,3.0,0.0290866703134,0.0276272241305,converged,True,eesm_qual:EESM_2D_Qual:Setup_Qual:ddae84aff9b47948,eesm_qual,EESM_2D_Qual,Setup_Qual,180.0,1570,2,"{""errors"": [], ""solve_return"": 0, ""warnings"": []}",1.37943956034,-1.37943956034,2,ddae84aff9b47948,"{""adaptive_passes"": ""count"", ""flux_d"": ""Wb"", ""flux_q"": ""Wb"", ""id"": ""A"", ""if"": ""A"", ""iq"": ""A"", ""mesh_elements"": ""count"", ""pole_pairs"": ""count"", ""rotor_position"": ""deg"", ""torque"": ""N*m""}",eesm_task9_real_baseline_20260715,C:\Users\darsh\TAMU\EMPE_Lab\Motor_Control_NN_Pipeline\out\eesm\task9_baseline\raw\point_exports\ddae84aff9b47948_flux_abc.csv,C:\Users\darsh\TAMU\EMPE_Lab\Motor_Control_NN_Pipeline\out\eesm\task9_baseline\raw\solver_evidence\ddae84aff9b47948_mesh.ms,C:\Users\darsh\TAMU\EMPE_Lab\Motor_Control_NN_Pipeline\out\eesm\task9_baseline\raw\solver_evidence\ddae84aff9b47948_convergence.conv,f1e04575c5605fb4f5aae829a4f7a7b6dcc9e818de7248b23365c786eea0d33b,a0288b082ad57d50f803ed24a03a293ea12d0161fda19ede233748f001ded281,18a5cdce60f7ec74c3f54f1a0fafe9683d8eb58e91ee95f03d8a5964736b19b6,995b753835a3109b8d080a82ea40185453039824c6f4977cd11339464b5d8fa1,6c79fe370f2cdaa0d4835395069b36bf4a90e77338b18fe8a4959e18ce56799d
5e5488c83e11d283,train,maxwell_aedt,field_weakening,-110.0,80.0,10.0,0.0195768869868,0.0251958521733,converged,True,eesm_qual:EESM_2D_Qual:Setup_Qual:5e5488c83e11d283,eesm_qual,EESM_2D_Qual,Setup_Qual,180.0,1564,2,"{""errors"": [], ""solve_return"": 0, ""warnings"": []}",-0.914303716325,0.914303716325,2,5e5488c83e11d283,"{""adaptive_passes"": ""count"", ""flux_d"": ""Wb"", ""flux_q"": ""Wb"", ""id"": ""A"", ""if"": ""A"", ""iq"": ""A"", ""mesh_elements"": ""count"", ""pole_pairs"": ""count"", ""rotor_position"": ""deg"", ""torque"": ""N*m""}",eesm_task9_real_baseline_20260715,C:\Users\darsh\TAMU\EMPE_Lab\Motor_Control_NN_Pipeline\out\eesm\task9_baseline\raw\point_exports\5e5488c83e11d283_flux_abc.csv,C:\Users\darsh\TAMU\EMPE_Lab\Motor_Control_NN_Pipeline\out\eesm\task9_baseline\raw\solver_evidence\5e5488c83e11d283_mesh.ms,C:\Users\darsh\TAMU\EMPE_Lab\Motor_Control_NN_Pipeline\out\eesm\task9_baseline\raw\solver_evidence\5e5488c83e11d283_convergence.conv,f1e04575c5605fb4f5aae829a4f7a7b6dcc9e818de7248b23365c786eea0d33b,0abe8bf15f8451692c35b98da833145837b2d2a2499276229aff568542e14fc0,57c82f4ce629d46dc57ded7bcf5669b73ff1d9057911cf92c22cf02ca5c94dd9,fe6114255260ccb1516f9341a2e5063dd7b86c7dc7c44e35f0cab741e4406c52,b920ef27d7bc27f44640c186f00fcfde392bf411cf34b0d0322dd6afe58c43c2
9ff583508cf82767,train,maxwell_aedt,saturation,-30.0,110.0,14.0,0.0169775531708,0.0152087516142,converged,True,eesm_qual:EESM_2D_Qual:Setup_Qual:9ff583508cf82767,eesm_qual,EESM_2D_Qual,Setup_Qual,180.0,1571,2,"{""errors"": [], ""solve_return"": 0, ""warnings"": []}",-15.0249427877,15.0249427877,2,9ff583508cf82767,"{""adaptive_passes"": ""count"", ""flux_d"": ""Wb"", ""flux_q"": ""Wb"", ""id"": ""A"", ""if"": ""A"", ""iq"": ""A"", ""mesh_elements"": ""count"", ""pole_pairs"": ""count"", ""rotor_position"": ""deg"", ""torque"": ""N*m""}",eesm_task9_real_baseline_20260715,C:\Users\darsh\TAMU\EMPE_Lab\Motor_Control_NN_Pipeline\out\eesm\task9_baseline\raw\point_exports\9ff583508cf82767_flux_abc.csv,C:\Users\darsh\TAMU\EMPE_Lab\Motor_Control_NN_Pipeline\out\eesm\task9_baseline\raw\solver_evidence\9ff583508cf82767_mesh.ms,C:\Users\darsh\TAMU\EMPE_Lab\Motor_Control_NN_Pipeline\out\eesm\task9_baseline\raw\solver_evidence\9ff583508cf82767_convergence.conv,f1e04575c5605fb4f5aae829a4f7a7b6dcc9e818de7248b23365c786eea0d33b,175a153e082df44aca546fc07abb455e171f7a60a22a590a6eba89f157ea2826,6f31af222842d5af4386c7dc2361d6b6402b9921aeb3e55d35f4c36008fbbfbf,3ffe3eb930a5d620c16fccc328ed66c3fa2d565d1f1a84e1ef12357d01a59814,6085954a9e85c4fedda278e5c422fcdc1fcb03c531541535e860e33a329ff2ef
c0d514fa7069dd49,train,maxwell_aedt,saturation,-70.0,100.0,13.0,0.0244358064349,0.0758212628609,converged,True,eesm_qual:EESM_2D_Qual:Setup_Qual:c0d514fa7069dd49,eesm_qual,EESM_2D_Qual,Setup_Qual,180.0,1568,2,"{""errors"": [], ""solve_return"": 0, ""warnings"": []}",-4.98823254045,4.98823254045,2,c0d514fa7069dd49,"{""adaptive_passes"": ""count"", ""flux_d"": ""Wb"", ""flux_q"": ""Wb"", ""id"": ""A"", ""if"": ""A"", ""iq"": ""A"", ""mesh_elements"": ""count"", ""pole_pairs"": ""count"", ""rotor_position"": ""deg"", ""torque"": ""N*m""}",eesm_task9_real_baseline_20260715,C:\Users\darsh\TAMU\EMPE_Lab\Motor_Control_NN_Pipeline\out\eesm\task9_baseline\raw\point_exports\c0d514fa7069dd49_flux_abc.csv,C:\Users\darsh\TAMU\EMPE_Lab\Motor_Control_NN_Pipeline\out\eesm\task9_baseline\raw\solver_evidence\c0d514fa7069dd49_mesh.ms,C:\Users\darsh\TAMU\EMPE_Lab\Motor_Control_NN_Pipeline\out\eesm\task9_baseline\raw\solver_evidence\c0d514fa7069dd49_convergence.conv,f1e04575c5605fb4f5aae829a4f7a7b6dcc9e818de7248b23365c786eea0d33b,fe642c82942ffe405c12fa677aff56bfe171c704991dca72c7ea1aade7ce4e7e,b55bef342686acfe2c374c368bed1517aa2cdc197c640272c57cb4c03b096726,900e4692cee1b84b57ebcdf4b2b24e063c67d79c634771584e328bf3691bb625,d9a5ad9db1ca7814dee1f1fb0d543769656bf3d25e3422ad8cf32b0bfb938328
c2f24eb3ba91922c,train,maxwell_aedt,saturation,-57.673724,3.613062,14.826218,0.0128751389893,0.027472876536,converged,True,eesm_qual:EESM_2D_Qual:Setup_Qual:c2f24eb3ba91922c,eesm_qual,EESM_2D_Qual,Setup_Qual,180.0,1564,2,"{""errors"": [], ""solve_return"": 0, ""warnings"": []}",3.38016145076,-3.38016145076,2,c2f24eb3ba91922c,"{""adaptive_passes"": ""count"", ""flux_d"": ""Wb"", ""flux_q"": ""Wb"", ""id"": ""A"", ""if"": ""A"", ""iq"": ""A"", ""mesh_elements"": ""count"", ""pole_pairs"": ""count"", ""rotor_position"": ""deg"", ""torque"": ""N*m""}",eesm_task9_real_baseline_20260715,C:\Users\darsh\TAMU\EMPE_Lab\Motor_Control_NN_Pipeline\out\eesm\task9_baseline\raw\point_exports\c2f24eb3ba91922c_flux_abc.csv,C:\Users\darsh\TAMU\EMPE_Lab\Motor_Control_NN_Pipeline\out\eesm\task9_baseline\raw\solver_evidence\c2f24eb3ba91922c_mesh.ms,C:\Users\darsh\TAMU\EMPE_Lab\Motor_Control_NN_Pipeline\out\eesm\task9_baseline\raw\solver_evidence\c2f24eb3ba91922c_convergence.conv,f1e04575c5605fb4f5aae829a4f7a7b6dcc9e818de7248b23365c786eea0d33b,a5821f655a4b3244a35a0e35bfbb64a8275624f643f0d784e2fd5d6889b6c0b0,bfd371bb37d106ae60dd39f71a3c0ce974131617a9308f13f512d19ed8777a3b,7f53992f02ce731279796ed017a63b174c1a5a765cb4b274398dd9ae61a46fd3,860fd0505d2429bcaefb863348555ce04dc5e52fed758249e9cd2130c026b4f1
5f63d734a86f034b,train,maxwell_aedt,interior,-72.80755,75.11787,6.542137,0.0244213178998,0.0385637874472,converged,True,eesm_qual:EESM_2D_Qual:Setup_Qual:5f63d734a86f034b,eesm_qual,EESM_2D_Qual,Setup_Qual,180.0,1566,2,"{""errors"": [], ""solve_return"": 0, ""warnings"": []}",-1.84835762693,1.84835762693,2,5f63d734a86f034b,"{""adaptive_passes"": ""count"", ""flux_d"": ""Wb"", ""flux_q"": ""Wb"", ""id"": ""A"", ""if"": ""A"", ""iq"": ""A"", ""mesh_elements"": ""count"", ""pole_pairs"": ""count"", ""rotor_position"": ""deg"", ""torque"": ""N*m""}",eesm_task9_real_baseline_20260715,C:\Users\darsh\TAMU\EMPE_Lab\Motor_Control_NN_Pipeline\out\eesm\task9_baseline\raw\point_exports\5f63d734a86f034b_flux_abc.csv,C:\Users\darsh\TAMU\EMPE_Lab\Motor_Control_NN_Pipeline\out\eesm\task9_baseline\raw\solver_evidence\5f63d734a86f034b_mesh.ms,C:\Users\darsh\TAMU\EMPE_Lab\Motor_Control_NN_Pipeline\out\eesm\task9_baseline\raw\solver_evidence\5f63d734a86f034b_convergence.conv,f1e04575c5605fb4f5aae829a4f7a7b6dcc9e818de7248b23365c786eea0d33b,15012090d0739ebaac684875f417fd689699abc4ea31d2f67834ca1f5f16c8a3,0677cb844338ae4f54e819ced7ef257367ad2ca7fea1b1856b4f41e0d4229a06,7156c1b495de04a112f1d32ee18cbfe3d57976666aa5c7a4f556c3600438e61c,df4b8012ec366551571a599821d782efe70ec0f19cd24298e2b5a3521aec9b50
3b5f74d2d3218815,train,maxwell_aedt,saturation,-76.304395,8.598057,14.076429,-0.0320406442614,0.00706395249436,converged,True,eesm_qual:EESM_2D_Qual:Setup_Qual:3b5f74d2d3218815,eesm_qual,EESM_2D_Qual,Setup_Qual,180.0,1570,2,"{""errors"": [], ""solve_return"": 0, ""warnings"": []}",3.30468969514,-3.30468969514,2,3b5f74d2d3218815,"{""adaptive_passes"": ""count"", ""flux_d"": ""Wb"", ""flux_q"": ""Wb"", ""id"": ""A"", ""if"": ""A"", ""iq"": ""A"", ""mesh_elements"": ""count"", ""pole_pairs"": ""count"", ""rotor_position"": ""deg"", ""torque"": ""N*m""}",eesm_task9_real_baseline_20260715,C:\Users\darsh\TAMU\EMPE_Lab\Motor_Control_NN_Pipeline\out\eesm\task9_baseline\raw\point_exports\3b5f74d2d3218815_flux_abc.csv,C:\Users\darsh\TAMU\EMPE_Lab\Motor_Control_NN_Pipeline\out\eesm\task9_baseline\raw\solver_evidence\3b5f74d2d3218815_mesh.ms,C:\Users\darsh\TAMU\EMPE_Lab\Motor_Control_NN_Pipeline\out\eesm\task9_baseline\raw\solver_evidence\3b5f74d2d3218815_convergence.conv,f1e04575c5605fb4f5aae829a4f7a7b6dcc9e818de7248b23365c786eea0d33b,a26a791d5011d8486f203178dc4b91c6de85e00389928239076ae92ed563dc10,8e2393e63cfce6680c4fb5b4f0f8b2d4008c5b62ca8e3085d6e1a26fae561eb5,e4827bf3b13e9926df33f1b0d124349d8cf1e5631afefbbe81724198b1e29a69,d45a2981f2fc4584fd9eda6687f3231b2462dcefb8e18b8bf8ad6e4e48b4b46a
b556af8d9318e036,train,maxwell_aedt,interior,-62.381083,64.538153,9.856546,0.0315756365543,0.00354469680078,converged,True,eesm_qual:EESM_2D_Qual:Setup_Qual:b556af8d9318e036,eesm_qual,EESM_2D_Qual,Setup_Qual,180.0,1566,2,"{""errors"": [], ""solve_return"": 0, ""warnings"": []}",-1.84392909729,1.84392909729,2,b556af8d9318e036,"{""adaptive_passes"": ""count"", ""flux_d"": ""Wb"", ""flux_q"": ""Wb"", ""id"": ""A"", ""if"": ""A"", ""iq"": ""A"", ""mesh_elements"": ""count"", ""pole_pairs"": ""count"", ""rotor_position"": ""deg"", ""torque"": ""N*m""}",eesm_task9_real_baseline_20260715,C:\Users\darsh\TAMU\EMPE_Lab\Motor_Control_NN_Pipeline\out\eesm\task9_baseline\raw\point_exports\b556af8d9318e036_flux_abc.csv,C:\Users\darsh\TAMU\EMPE_Lab\Motor_Control_NN_Pipeline\out\eesm\task9_baseline\raw\solver_evidence\b556af8d9318e036_mesh.ms,C:\Users\darsh\TAMU\EMPE_Lab\Motor_Control_NN_Pipeline\out\eesm\task9_baseline\raw\solver_evidence\b556af8d9318e036_convergence.conv,f1e04575c5605fb4f5aae829a4f7a7b6dcc9e818de7248b23365c786eea0d33b,3a0ecdad2cbd8c4a04a71b6ac105120bc4db585418f02499da801e4328d082e0,9460a81201280df77d1d030da1706b9445802ba6d434aa0e743ed5457b3dd82b,bbfd913ab3d246836270d620a1bb17afae3d6671ee0337f5718e48a8c7de2196,83fdb97c4e0357c258898a5875ee63250da3f70c5e04ea33f493afac04e74411
84cc3bb722841680,train,maxwell_aedt,saturation,-82.615996,119.906389,3.892652,0.0346414065892,0.0350891701668,converged,True,eesm_qual:EESM_2D_Qual:Setup_Qual:84cc3bb722841680,eesm_qual,EESM_2D_Qual,Setup_Qual,180.0,1566,2,"{""errors"": [], ""solve_return"": 0, ""warnings"": []}",-5.54773826916,5.54773826916,2,84cc3bb722841680,"{""adaptive_passes"": ""count"", ""flux_d"": ""Wb"", ""flux_q"": ""Wb"", ""id"": ""A"", ""if"": ""A"", ""iq"": ""A"", ""mesh_elements"": ""count"", ""pole_pairs"": ""count"", ""rotor_position"": ""deg"", ""torque"": ""N*m""}",eesm_task9_real_baseline_20260715,C:\Users\darsh\TAMU\EMPE_Lab\Motor_Control_NN_Pipeline\out\eesm\task9_baseline\raw\point_exports\84cc3bb722841680_flux_abc.csv,C:\Users\darsh\TAMU\EMPE_Lab\Motor_Control_NN_Pipeline\out\eesm\task9_baseline\raw\solver_evidence\84cc3bb722841680_mesh.ms,C:\Users\darsh\TAMU\EMPE_Lab\Motor_Control_NN_Pipeline\out\eesm\task9_baseline\raw\solver_evidence\84cc3bb722841680_convergence.conv,f1e04575c5605fb4f5aae829a4f7a7b6dcc9e818de7248b23365c786eea0d33b,95554b68b110d69bcc5d1acab2aad534512e4d4449cbc5dc2dafdd2fb25923e8,d6e3319af3c6425684d087a61a3a9f678f9edc387164cdcbd5013b457f5fc928,600aec8165360a1cfdefd7091cf028b4e5005cea2fd997dd462299b370c6119f,09eba0060758b0b4e9919d65adb46af9c0ac1a8fd0e1c3363f07a81ecbd547ad
975a2d740af35f38,train,maxwell_aedt,interior,-20.922906,41.072289,9.369163,0.0353998593746,0.0599228568479,converged,True,eesm_qual:EESM_2D_Qual:Setup_Qual:975a2d740af35f38,eesm_qual,EESM_2D_Qual,Setup_Qual,180.0,1826,3,"{""errors"": [], ""solve_return"": 0, ""warnings"": []}",-3.8436054564,3.8436054564,2,975a2d740af35f38,"{""adaptive_passes"": ""count"", ""flux_d"": ""Wb"", ""flux_q"": ""Wb"", ""id"": ""A"", ""if"": ""A"", ""iq"": ""A"", ""mesh_elements"": ""count"", ""pole_pairs"": ""count"", ""rotor_position"": ""deg"", ""torque"": ""N*m""}",eesm_task9_real_baseline_20260715,C:\Users\darsh\TAMU\EMPE_Lab\Motor_Control_NN_Pipeline\out\eesm\task9_baseline\raw\point_exports\975a2d740af35f38_flux_abc.csv,C:\Users\darsh\TAMU\EMPE_Lab\Motor_Control_NN_Pipeline\out\eesm\task9_baseline\raw\solver_evidence\975a2d740af35f38_mesh.ms,C:\Users\darsh\TAMU\EMPE_Lab\Motor_Control_NN_Pipeline\out\eesm\task9_baseline\raw\solver_evidence\975a2d740af35f38_convergence.conv,f1e04575c5605fb4f5aae829a4f7a7b6dcc9e818de7248b23365c786eea0d33b,115bdbf33ad0ce78d804d2439f2f52c49a37a08707b6a21b75f572bf5396f7e5,1193b9f5b2e69227ccc0420981331e0fb0d5b9f91dc69f1ae08732425a1cc704,93ac4cb5f00a7eead498b1bedbf0e889bf4262d8d406ec41c5e1913ded32df44,7e8319bdb9e658475e2dfd19662e7059ac30acc75f5ff22f73b288ec8c79f93e
ccd27358f15ce831,train,maxwell_aedt,saturation,-88.091898,92.371319,6.05222,0.00503044921731,0.0427953960812,converged,True,eesm_qual:EESM_2D_Qual:Setup_Qual:ccd27358f15ce831,eesm_qual,EESM_2D_Qual,Setup_Qual,180.0,1576,2,"{""errors"": [], ""solve_return"": 0, ""warnings"": []}",-2.47727104327,2.47727104327,2,ccd27358f15ce831,"{""adaptive_passes"": ""count"", ""flux_d"": ""Wb"", ""flux_q"": ""Wb"", ""id"": ""A"", ""if"": ""A"", ""iq"": ""A"", ""mesh_elements"": ""count"", ""pole_pairs"": ""count"", ""rotor_position"": ""deg"", ""torque"": ""N*m""}",eesm_task9_real_baseline_20260715,C:\Users\darsh\TAMU\EMPE_Lab\Motor_Control_NN_Pipeline\out\eesm\task9_baseline\raw\point_exports\ccd27358f15ce831_flux_abc.csv,C:\Users\darsh\TAMU\EMPE_Lab\Motor_Control_NN_Pipeline\out\eesm\task9_baseline\raw\solver_evidence\ccd27358f15ce831_mesh.ms,C:\Users\darsh\TAMU\EMPE_Lab\Motor_Control_NN_Pipeline\out\eesm\task9_baseline\raw\solver_evidence\ccd27358f15ce831_convergence.conv,f1e04575c5605fb4f5aae829a4f7a7b6dcc9e818de7248b23365c786eea0d33b,7d5a9297314706a7740e3a6e62a51bb6bdda2541f9ff0d982ea1346aed66f401,f03e67586ea73df1c75597cef2ed49f3ca909a5b89e8afa16ae3cea5e55ef839,9a53478bc568255998c8c0b597a8aa10d95c11f214529ef46c689482cd13f925,5c8125976ea33a560956a9fd495c17dcc6e8a186df1d215c1de57650c1495b9e
c090909e09672536,train,maxwell_aedt,interior,-79.98722,35.488529,2.293976,0.0137164563916,0.0428975249956,converged,True,eesm_qual:EESM_2D_Qual:Setup_Qual:c090909e09672536,eesm_qual,EESM_2D_Qual,Setup_Qual,180.0,1571,2,"{""errors"": [], ""solve_return"": 0, ""warnings"": []}",0.678852383716,-0.678852383716,2,c090909e09672536,"{""adaptive_passes"": ""count"", ""flux_d"": ""Wb"", ""flux_q"": ""Wb"", ""id"": ""A"", ""if"": ""A"", ""iq"": ""A"", ""mesh_elements"": ""count"", ""pole_pairs"": ""count"", ""rotor_position"": ""deg"", ""torque"": ""N*m""}",eesm_task9_real_baseline_20260715,C:\Users\darsh\TAMU\EMPE_Lab\Motor_Control_NN_Pipeline\out\eesm\task9_baseline\raw\point_exports\c090909e09672536_flux_abc.csv,C:\Users\darsh\TAMU\EMPE_Lab\Motor_Control_NN_Pipeline\out\eesm\task9_baseline\raw\solver_evidence\c090909e09672536_mesh.ms,C:\Users\darsh\TAMU\EMPE_Lab\Motor_Control_NN_Pipeline\out\eesm\task9_baseline\raw\solver_evidence\c090909e09672536_convergence.conv,f1e04575c5605fb4f5aae829a4f7a7b6dcc9e818de7248b23365c786eea0d33b,f80c38aadadb604a26c000ae44bf9231d6bc631d3f7f77fd779c1071039906d8,b8e6bc3501f93ce11d4eb13ba027370ffe044e948a1da9f66d4579d52f947893,cbee35fd241636e51ebf92be2c7b8bca6398fb936ad5e13ca7b4643700cffea3,24fcfe769cf217ff778d7e3f338949df5ed31335709a73377a32ff503ed55455
03d5e994f6144969,train,maxwell_aedt,field_weakening,-107.593728,48.429343,4.422959,0.0389262648452,0.0303061352168,converged,True,eesm_qual:EESM_2D_Qual:Setup_Qual:03d5e994f6144969,eesm_qual,EESM_2D_Qual,Setup_Qual,180.0,1572,2,"{""errors"": [], ""solve_return"": 0, ""warnings"": []}",0.728414251718,-0.728414251718,2,03d5e994f6144969,"{""adaptive_passes"": ""count"", ""flux_d"": ""Wb"", ""flux_q"": ""Wb"", ""id"": ""A"", ""if"": ""A"", ""iq"": ""A"", ""mesh_elements"": ""count"", ""pole_pairs"": ""count"", ""rotor_position"": ""deg"", ""torque"": ""N*m""}",eesm_task9_real_baseline_20260715,C:\Users\darsh\TAMU\EMPE_Lab\Motor_Control_NN_Pipeline\out\eesm\task9_baseline\raw\point_exports\03d5e994f6144969_flux_abc.csv,C:\Users\darsh\TAMU\EMPE_Lab\Motor_Control_NN_Pipeline\out\eesm\task9_baseline\raw\solver_evidence\03d5e994f6144969_mesh.ms,C:\Users\darsh\TAMU\EMPE_Lab\Motor_Control_NN_Pipeline\out\eesm\task9_baseline\raw\solver_evidence\03d5e994f6144969_convergence.conv,f1e04575c5605fb4f5aae829a4f7a7b6dcc9e818de7248b23365c786eea0d33b,56a2d39f25e659a364535df0023bf0bcc04e7e936980b5ffc0cbad9a58e45dda,d8c8ea7b88b3005250628587995f0106dbfa318f82fa1add783cec45994a2e02,66c3d87d895d08a8b9c6356ce9136751fdd7a85b494779f14736f4c255cec42a,fd17b4009a2b07aefa9f22d8298090873a8e78726e68029022de16740be8f4b1
f5e99b32e12d9960,train,maxwell_aedt,field_weakening,-104.198873,42.034205,7.387602,0.0295389948604,0.0175703332068,converged,True,eesm_qual:EESM_2D_Qual:Setup_Qual:f5e99b32e12d9960,eesm_qual,EESM_2D_Qual,Setup_Qual,180.0,1572,2,"{""errors"": [], ""solve_return"": 0, ""warnings"": []}",1.28746293683,-1.28746293683,2,f5e99b32e12d9960,"{""adaptive_passes"": ""count"", ""flux_d"": ""Wb"", ""flux_q"": ""Wb"", ""id"": ""A"", ""if"": ""A"", ""iq"": ""A"", ""mesh_elements"": ""count"", ""pole_pairs"": ""count"", ""rotor_position"": ""deg"", ""torque"": ""N*m""}",eesm_task9_real_baseline_20260715,C:\Users\darsh\TAMU\EMPE_Lab\Motor_Control_NN_Pipeline\out\eesm\task9_baseline\raw\point_exports\f5e99b32e12d9960_flux_abc.csv,C:\Users\darsh\TAMU\EMPE_Lab\Motor_Control_NN_Pipeline\out\eesm\task9_baseline\raw\solver_evidence\f5e99b32e12d9960_mesh.ms,C:\Users\darsh\TAMU\EMPE_Lab\Motor_Control_NN_Pipeline\out\eesm\task9_baseline\raw\solver_evidence\f5e99b32e12d9960_convergence.conv,f1e04575c5605fb4f5aae829a4f7a7b6dcc9e818de7248b23365c786eea0d33b,a747c555bc52baeeda46755f9ebf57ae7d09db8bfdd65c6277a63a76f2b6e49d,4fb692f1fa692c72712fd7eee887c404805cd31ecb67dae2edd9b7e8c13cf678,0285e3a57fcc4bb2bde187ce4a37f5680b112643969261d250b763be65686db1,a517a32506953dc6a8ca48f84f634744222c00dc1290daab7042a585fd7c7c00
6ac2e9341fdface6,train,maxwell_aedt,field_weakening,-100.723748,21.412622,5.480098,0.000443911576674,-0.0246002479534,converged,True,eesm_qual:EESM_2D_Qual:Setup_Qual:6ac2e9341fdface6,eesm_qual,EESM_2D_Qual,Setup_Qual,180.0,1568,2,"{""errors"": [], ""solve_return"": 0, ""warnings"": []}",2.27301680196,-2.27301680196,2,6ac2e9341fdface6,"{""adaptive_passes"": ""count"", ""flux_d"": ""Wb"", ""flux_q"": ""Wb"", ""id"": ""A"", ""if"": ""A"", ""iq"": ""A"", ""mesh_elements"": ""count"", ""pole_pairs"": ""count"", ""rotor_position"": ""deg"", ""torque"": ""N*m""}",eesm_task9_real_baseline_20260715,C:\Users\darsh\TAMU\EMPE_Lab\Motor_Control_NN_Pipeline\out\eesm\task9_baseline\raw\point_exports\6ac2e9341fdface6_flux_abc.csv,C:\Users\darsh\TAMU\EMPE_Lab\Motor_Control_NN_Pipeline\out\eesm\task9_baseline\raw\solver_evidence\6ac2e9341fdface6_mesh.ms,C:\Users\darsh\TAMU\EMPE_Lab\Motor_Control_NN_Pipeline\out\eesm\task9_baseline\raw\solver_evidence\6ac2e9341fdface6_convergence.conv,f1e04575c5605fb4f5aae829a4f7a7b6dcc9e818de7248b23365c786eea0d33b,a88fdc8ffc9c89c9afd5fba36e96aff9207bd10fc4ea9f647f169525c5eac19c,31674716f83a30c5d24e49a562787faebf41fa52f6ad35ed87e9031315ba8220,51132fd0758a96b7bb0adcb750c366f6c7df7ba575f880fe5f3544eeddc4c73d,74de29965c9ab97faf944b04e31af73d0546c1a5dfcead57893685a7d8086dba
90822475a1ae88d5,train,maxwell_aedt,interior,-42.528828,96.916372,9.701227,-0.00620389464661,0.0457917117843,converged,True,eesm_qual:EESM_2D_Qual:Setup_Qual:90822475a1ae88d5,eesm_qual,EESM_2D_Qual,Setup_Qual,180.0,1564,2,"{""errors"": [], ""solve_return"": 0, ""warnings"": []}",-9.9200411002,9.9200411002,2,90822475a1ae88d5,"{""adaptive_passes"": ""count"", ""flux_d"": ""Wb"", ""flux_q"": ""Wb"", ""id"": ""A"", ""if"": ""A"", ""iq"": ""A"", ""mesh_elements"": ""count"", ""pole_pairs"": ""count"", ""rotor_position"": ""deg"", ""torque"": ""N*m""}",eesm_task9_real_baseline_20260715,C:\Users\darsh\TAMU\EMPE_Lab\Motor_Control_NN_Pipeline\out\eesm\task9_baseline\raw\point_exports\90822475a1ae88d5_flux_abc.csv,C:\Users\darsh\TAMU\EMPE_Lab\Motor_Control_NN_Pipeline\out\eesm\task9_baseline\raw\solver_evidence\90822475a1ae88d5_mesh.ms,C:\Users\darsh\TAMU\EMPE_Lab\Motor_Control_NN_Pipeline\out\eesm\task9_baseline\raw\solver_evidence\90822475a1ae88d5_convergence.conv,f1e04575c5605fb4f5aae829a4f7a7b6dcc9e818de7248b23365c786eea0d33b,1ff09a76dd822aa582a4f35ba6f49e00cd9f51d833179b8c61dc3aa2d086a0eb,167a3da37bda25e5871272f8f233c99c00e76198f5bb779721ed49c3994e592b,77cb933e170e9299ab055d553d6795be110ade31dc4ad7e790613636f7cf2234,4217267c86c3f8b717c74220c197cd19c16b2dce80aa282cf991a26ad16cf7b2
31bfb10561ce38a2,train,maxwell_aedt,interior,-14.024554,70.913493,1.78384,0.0297016420796,0.0199533799983,converged,True,eesm_qual:EESM_2D_Qual:Setup_Qual:31bfb10561ce38a2,eesm_qual,EESM_2D_Qual,Setup_Qual,180.0,1564,2,"{""errors"": [], ""solve_return"": 0, ""warnings"": []}",-10.2564030366,10.2564030366,2,31bfb10561ce38a2,"{""adaptive_passes"": ""count"", ""flux_d"": ""Wb"", ""flux_q"": ""Wb"", ""id"": ""A"", ""if"": ""A"", ""iq"": ""A"", ""mesh_elements"": ""count"", ""pole_pairs"": ""count"", ""rotor_position"": ""deg"", ""torque"": ""N*m""}",eesm_task9_real_baseline_20260715,C:\Users\darsh\TAMU\EMPE_Lab\Motor_Control_NN_Pipeline\out\eesm\task9_baseline\raw\point_exports\31bfb10561ce38a2_flux_abc.csv,C:\Users\darsh\TAMU\EMPE_Lab\Motor_Control_NN_Pipeline\out\eesm\task9_baseline\raw\solver_evidence\31bfb10561ce38a2_mesh.ms,C:\Users\darsh\TAMU\EMPE_Lab\Motor_Control_NN_Pipeline\out\eesm\task9_baseline\raw\solver_evidence\31bfb10561ce38a2_convergence.conv,f1e04575c5605fb4f5aae829a4f7a7b6dcc9e818de7248b23365c786eea0d33b,9d202e8322be5b965fdee4b61762d8bfa9ea46000d6b1c2340dc7c18c1c27c33,8ebcf3d34316c9160ef92794df50edd614e4f43412426b34a6910811ab02a617,792056a88798b506d97ecbc676e52a7bddc1c2c0352a5af0e443323eb2865434,06b5858631b8ecf08e031c4c19e05b67d0a320e0e3093f0e02b22c0fc46ec8e3
373da0b7ad72b88f,train,maxwell_aedt,interior,-70.792111,17.060235,10.475974,0.0232235895039,0.01517777072,converged,True,eesm_qual:EESM_2D_Qual:Setup_Qual:373da0b7ad72b88f,eesm_qual,EESM_2D_Qual,Setup_Qual,180.0,1569,2,"{""errors"": [], ""solve_return"": 0, ""warnings"": []}",1.76987626631,-1.76987626631,2,373da0b7ad72b88f,"{""adaptive_passes"": ""count"", ""flux_d"": ""Wb"", ""flux_q"": ""Wb"", ""id"": ""A"", ""if"": ""A"", ""iq"": ""A"", ""mesh_elements"": ""count"", ""pole_pairs"": ""count"", ""rotor_position"": ""deg"", ""torque"": ""N*m""}",eesm_task9_real_baseline_20260715,C:\Users\darsh\TAMU\EMPE_Lab\Motor_Control_NN_Pipeline\out\eesm\task9_baseline\raw\point_exports\373da0b7ad72b88f_flux_abc.csv,C:\Users\darsh\TAMU\EMPE_Lab\Motor_Control_NN_Pipeline\out\eesm\task9_baseline\raw\solver_evidence\373da0b7ad72b88f_mesh.ms,C:\Users\darsh\TAMU\EMPE_Lab\Motor_Control_NN_Pipeline\out\eesm\task9_baseline\raw\solver_evidence\373da0b7ad72b88f_convergence.conv,f1e04575c5605fb4f5aae829a4f7a7b6dcc9e818de7248b23365c786eea0d33b,5fed6e52e799439cb55b6325df0f45304f5fef246d4b161816dfafc26a918ec2,83fc425915f88051dcd268db851caa87b8a73ad4b9db300c821a5ffbcb1b44b0,6efc513714e121950327f60042a54e0e8fb3f5deaae22f231368c2f613645b2a,40e25dc79a442ebeabbcdc2c41054f228d9434187d23f83081307dfdc72b4ccb
064ddb331bc3a64b,train,maxwell_aedt,interior,-25.461161,24.606495,3.48896,-0.029307038988,0.0421348958657,converged,True,eesm_qual:EESM_2D_Qual:Setup_Qual:064ddb331bc3a64b,eesm_qual,EESM_2D_Qual,Setup_Qual,180.0,1566,2,"{""errors"": [], ""solve_return"": 0, ""warnings"": []}",-0.868167230024,0.868167230024,2,064ddb331bc3a64b,"{""adaptive_passes"": ""count"", ""flux_d"": ""Wb"", ""flux_q"": ""Wb"", ""id"": ""A"", ""if"": ""A"", ""iq"": ""A"", ""mesh_elements"": ""count"", ""pole_pairs"": ""count"", ""rotor_position"": ""deg"", ""torque"": ""N*m""}",eesm_task9_real_baseline_20260715,C:\Users\darsh\TAMU\EMPE_Lab\Motor_Control_NN_Pipeline\out\eesm\task9_baseline\raw\point_exports\064ddb331bc3a64b_flux_abc.csv,C:\Users\darsh\TAMU\EMPE_Lab\Motor_Control_NN_Pipeline\out\eesm\task9_baseline\raw\solver_evidence\064ddb331bc3a64b_mesh.ms,C:\Users\darsh\TAMU\EMPE_Lab\Motor_Control_NN_Pipeline\out\eesm\task9_baseline\raw\solver_evidence\064ddb331bc3a64b_convergence.conv,f1e04575c5605fb4f5aae829a4f7a7b6dcc9e818de7248b23365c786eea0d33b,f0cf9ee4eacb95ecb5e8a567d315db5c5eb221ff964f446edc4963c0eae477fe,d9f02d10ccf4db3d683fa9eb4f6fc3768d41c46305500c88ff2844db6f40ab1b,dd609ad820c5cfb072577c2fabd9dbc91044728d703900c8c119de9ad5b7c0fe,214ee277046c5756f12beb6edcf24f8e74b37326ff2a4b7292c569a1f22bbbc0
393f46ee49ba2be6,train,maxwell_aedt,interior,-45.513182,106.405117,8.162291,0.010197605746,0.0337181782375,converged,True,eesm_qual:EESM_2D_Qual:Setup_Qual:393f46ee49ba2be6,eesm_qual,EESM_2D_Qual,Setup_Qual,180.0,1564,2,"{""errors"": [], ""solve_return"": 0, ""warnings"": []}",-11.0614059539,11.0614059539,2,393f46ee49ba2be6,"{""adaptive_passes"": ""count"", ""flux_d"": ""Wb"", ""flux_q"": ""Wb"", ""id"": ""A"", ""if"": ""A"", ""iq"": ""A"", ""mesh_elements"": ""count"", ""pole_pairs"": ""count"", ""rotor_position"": ""deg"", ""torque"": ""N*m""}",eesm_task9_real_baseline_20260715,C:\Users\darsh\TAMU\EMPE_Lab\Motor_Control_NN_Pipeline\out\eesm\task9_baseline\raw\point_exports\393f46ee49ba2be6_flux_abc.csv,C:\Users\darsh\TAMU\EMPE_Lab\Motor_Control_NN_Pipeline\out\eesm\task9_baseline\raw\solver_evidence\393f46ee49ba2be6_mesh.ms,C:\Users\darsh\TAMU\EMPE_Lab\Motor_Control_NN_Pipeline\out\eesm\task9_baseline\raw\solver_evidence\393f46ee49ba2be6_convergence.conv,f1e04575c5605fb4f5aae829a4f7a7b6dcc9e818de7248b23365c786eea0d33b,64cbd9d2d62e593aed501cc35f6ebbbf432a980e4de7acef5efc1a1b5fa80a8f,7ed5c3b74dd2a5cbe2b18cf79d1dfbbfabad295c81f3b2416d818cf87a81d704,5eb54bb9349208d93dde8f51a90bdb38ebfda7d5a6534b6bc9c4d520bd04db46,6612a7ed43bb5e2d9ad94c1ecc0c7bb1f92f9c0eccdc21932efbff49cc543268
29a96f407a6f7e93,train,maxwell_aedt,interior,-15.247075,51.4153,8.818118,0.0288436246898,0.0212653527886,converged,True,eesm_qual:EESM_2D_Qual:Setup_Qual:29a96f407a6f7e93,eesm_qual,EESM_2D_Qual,Setup_Qual,180.0,1564,2,"{""errors"": [], ""solve_return"": 0, ""warnings"": []}",-6.97354193661,6.97354193661,2,29a96f407a6f7e93,"{""adaptive_passes"": ""count"", ""flux_d"": ""Wb"", ""flux_q"": ""Wb"", ""id"": ""A"", ""if"": ""A"", ""iq"": ""A"", ""mesh_elements"": ""count"", ""pole_pairs"": ""count"", ""rotor_position"": ""deg"", ""torque"": ""N*m""}",eesm_task9_real_baseline_20260715,C:\Users\darsh\TAMU\EMPE_Lab\Motor_Control_NN_Pipeline\out\eesm\task9_baseline\raw\point_exports\29a96f407a6f7e93_flux_abc.csv,C:\Users\darsh\TAMU\EMPE_Lab\Motor_Control_NN_Pipeline\out\eesm\task9_baseline\raw\solver_evidence\29a96f407a6f7e93_mesh.ms,C:\Users\darsh\TAMU\EMPE_Lab\Motor_Control_NN_Pipeline\out\eesm\task9_baseline\raw\solver_evidence\29a96f407a6f7e93_convergence.conv,f1e04575c5605fb4f5aae829a4f7a7b6dcc9e818de7248b23365c786eea0d33b,3ed0b04948ab70d82b56aec6de89c0b3546bac72e10f74ee7eff00cb39d44b45,318f744aeba8047f5a5517aab16583bb00c455acaeafd392c7f35c18e953c822,e9d939ca7c51a3149e42415a262dfef39e4e1539c92d4042979367a0e2c10c45,147b71a852c14637259f3e9dd39ff06e70aee4d7d51ab4bad33e51750c9a7091
0341d9e7d4bdf2a8,train,maxwell_aedt,saturation,-36.924787,31.552036,13.403719,0.0317372103281,0.0564052698002,converged,True,eesm_qual:EESM_2D_Qual:Setup_Qual:0341d9e7d4bdf2a8,eesm_qual,EESM_2D_Qual,Setup_Qual,180.0,1566,2,"{""errors"": [], ""solve_return"": 0, ""warnings"": []}",-0.936913143189,0.936913143189,2,0341d9e7d4bdf2a8,"{""adaptive_passes"": ""count"", ""flux_d"": ""Wb"", ""flux_q"": ""Wb"", ""id"": ""A"", ""if"": ""A"", ""iq"": ""A"", ""mesh_elements"": ""count"", ""pole_pairs"": ""count"", ""rotor_position"": ""deg"", ""torque"": ""N*m""}",eesm_task9_real_baseline_20260715,C:\Users\darsh\TAMU\EMPE_Lab\Motor_Control_NN_Pipeline\out\eesm\task9_baseline\raw\point_exports\0341d9e7d4bdf2a8_flux_abc.csv,C:\Users\darsh\TAMU\EMPE_Lab\Motor_Control_NN_Pipeline\out\eesm\task9_baseline\raw\solver_evidence\0341d9e7d4bdf2a8_mesh.ms,C:\Users\darsh\TAMU\EMPE_Lab\Motor_Control_NN_Pipeline\out\eesm\task9_baseline\raw\solver_evidence\0341d9e7d4bdf2a8_convergence.conv,f1e04575c5605fb4f5aae829a4f7a7b6dcc9e818de7248b23365c786eea0d33b,12a478d495faed2cb6d2ec01985fa509fa3ed532d770ad8f4f1e3454bc68c45b,8a7df1c7301d1e3d6af83fe3656277be57166839d9127b1f1e75451845baf233,dcec7c9ec511cf4dfb8dc86f774e22c85f292a3e051e86d3f0b97a2ab3d71c79,5340ef88aae16a7a2a67c9499f5ce0a0470c56905309fb2cfaed770266afbc77
f01244cbb210c2a7,train,maxwell_aedt,interior,-93.864891,72.461944,11.455061,-0.0157511421884,0.0448080880332,converged,True,eesm_qual:EESM_2D_Qual:Setup_Qual:f01244cbb210c2a7,eesm_qual,EESM_2D_Qual,Setup_Qual,180.0,1580,2,"{""errors"": [], ""solve_return"": 0, ""warnings"": []}",-1.13249115723,1.13249115723,2,f01244cbb210c2a7,"{""adaptive_passes"": ""count"", ""flux_d"": ""Wb"", ""flux_q"": ""Wb"", ""id"": ""A"", ""if"": ""A"", ""iq"": ""A"", ""mesh_elements"": ""count"", ""pole_pairs"": ""count"", ""rotor_position"": ""deg"", ""torque"": ""N*m""}",eesm_task9_real_baseline_20260715,C:\Users\darsh\TAMU\EMPE_Lab\Motor_Control_NN_Pipeline\out\eesm\task9_baseline\raw\point_exports\f01244cbb210c2a7_flux_abc.csv,C:\Users\darsh\TAMU\EMPE_Lab\Motor_Control_NN_Pipeline\out\eesm\task9_baseline\raw\solver_evidence\f01244cbb210c2a7_mesh.ms,C:\Users\darsh\TAMU\EMPE_Lab\Motor_Control_NN_Pipeline\out\eesm\task9_baseline\raw\solver_evidence\f01244cbb210c2a7_convergence.conv,f1e04575c5605fb4f5aae829a4f7a7b6dcc9e818de7248b23365c786eea0d33b,30f9dea9a5182cd00766c4977a8643a1a39542a0c631de3fec9a88a74274f7b4,9fb40ffeab5c244d93cb6f3dcb33227e656bd91b95fd7b5b30c4ba9d0fafb25d,ab26aaec10765385dc7c7abe356f6d9b7ecc2f10a98b6c0aa92318fb150b1281,1047f5c5c763861030dac6cda066d514a65966422f1e5585e76d555e8c090311
da4f947b3bf3057b,train,maxwell_aedt,interior,-10.929481,53.739643,11.915893,0.0251488959754,0.021517050618,converged,True,eesm_qual:EESM_2D_Qual:Setup_Qual:da4f947b3bf3057b,eesm_qual,EESM_2D_Qual,Setup_Qual,180.0,1562,2,"{""errors"": [], ""solve_return"": 0, ""warnings"": []}",-8.41410360917,8.41410360917,2,da4f947b3bf3057b,"{""adaptive_passes"": ""count"", ""flux_d"": ""Wb"", ""flux_q"": ""Wb"", ""id"": ""A"", ""if"": ""A"", ""iq"": ""A"", ""mesh_elements"": ""count"", ""pole_pairs"": ""count"", ""rotor_position"": ""deg"", ""torque"": ""N*m""}",eesm_task9_real_baseline_20260715,C:\Users\darsh\TAMU\EMPE_Lab\Motor_Control_NN_Pipeline\out\eesm\task9_baseline\raw\point_exports\da4f947b3bf3057b_flux_abc.csv,C:\Users\darsh\TAMU\EMPE_Lab\Motor_Control_NN_Pipeline\out\eesm\task9_baseline\raw\solver_evidence\da4f947b3bf3057b_mesh.ms,C:\Users\darsh\TAMU\EMPE_Lab\Motor_Control_NN_Pipeline\out\eesm\task9_baseline\raw\solver_evidence\da4f947b3bf3057b_convergence.conv,f1e04575c5605fb4f5aae829a4f7a7b6dcc9e818de7248b23365c786eea0d33b,bc49c40c108ca54c19c2cc2299c9e16b533c8afaf0226f3132f80a9ec315ec10,651e38a869dfa72509c4cd9d186e88d6e4ff3cb6d750a5aaad37d4bd7181ae9b,989ecc4f16bcb149b12d21e47a76e54a9998616667e2d61b4a1d3c25ffd428a8,99e0cc0789476463315a3904815d6c1c685e73b979f2721f6b3363af315859ec
19786cef706c155b,train,maxwell_aedt,saturation,-28.101856,61.718614,12.506209,0.01736944131,0.0721572972288,converged,True,eesm_qual:EESM_2D_Qual:Setup_Qual:19786cef706c155b,eesm_qual,EESM_2D_Qual,Setup_Qual,180.0,1806,3,"{""errors"": [], ""solve_return"": 0, ""warnings"": []}",-6.34927403708,6.34927403708,2,19786cef706c155b,"{""adaptive_passes"": ""count"", ""flux_d"": ""Wb"", ""flux_q"": ""Wb"", ""id"": ""A"", ""if"": ""A"", ""iq"": ""A"", ""mesh_elements"": ""count"", ""pole_pairs"": ""count"", ""rotor_position"": ""deg"", ""torque"": ""N*m""}",eesm_task9_real_baseline_20260715,C:\Users\darsh\TAMU\EMPE_Lab\Motor_Control_NN_Pipeline\out\eesm\task9_baseline\raw\point_exports\19786cef706c155b_flux_abc.csv,C:\Users\darsh\TAMU\EMPE_Lab\Motor_Control_NN_Pipeline\out\eesm\task9_baseline\raw\solver_evidence\19786cef706c155b_mesh.ms,C:\Users\darsh\TAMU\EMPE_Lab\Motor_Control_NN_Pipeline\out\eesm\task9_baseline\raw\solver_evidence\19786cef706c155b_convergence.conv,f1e04575c5605fb4f5aae829a4f7a7b6dcc9e818de7248b23365c786eea0d33b,ac5b4d7e5f668f9bb3b1ff906073c3d147ea952da73d275f228b01a0f9f5e62f,c6c3169b2ab5f580568ae5a16f8551cfb9da5e5f5d91eb18441fa89066903ad0,aede955a8ec725d2e36af5df23b08fdf64b3f690e8dbbbebaef7c88b7250627b,4a264fcb29a3d5813d24409e12a2cc1860900cad30edd1eea7a2182e8a084fcd
e7cd4f3e78d63b59,train,maxwell_aedt,interior,-50.323384,13.179676,1.127691,0.0107869604215,0.0468036203371,converged,True,eesm_qual:EESM_2D_Qual:Setup_Qual:e7cd4f3e78d63b59,eesm_qual,EESM_2D_Qual,Setup_Qual,180.0,1576,2,"{""errors"": [], ""solve_return"": 0, ""warnings"": []}",1.06976664889,-1.06976664889,2,e7cd4f3e78d63b59,"{""adaptive_passes"": ""count"", ""flux_d"": ""Wb"", ""flux_q"": ""Wb"", ""id"": ""A"", ""if"": ""A"", ""iq"": ""A"", ""mesh_elements"": ""count"", ""pole_pairs"": ""count"", ""rotor_position"": ""deg"", ""torque"": ""N*m""}",eesm_task9_real_baseline_20260715,C:\Users\darsh\TAMU\EMPE_Lab\Motor_Control_NN_Pipeline\out\eesm\task9_baseline\raw\point_exports\e7cd4f3e78d63b59_flux_abc.csv,C:\Users\darsh\TAMU\EMPE_Lab\Motor_Control_NN_Pipeline\out\eesm\task9_baseline\raw\solver_evidence\e7cd4f3e78d63b59_mesh.ms,C:\Users\darsh\TAMU\EMPE_Lab\Motor_Control_NN_Pipeline\out\eesm\task9_baseline\raw\solver_evidence\e7cd4f3e78d63b59_convergence.conv,f1e04575c5605fb4f5aae829a4f7a7b6dcc9e818de7248b23365c786eea0d33b,695c05fe974cc6a4a08040c179811733eec9293fa48da020b2f773efd942085c,43a16d06f695f40bc9ba9a45e9d32fe341c09ca6f82e5ca64e01c9eae2105899,4984978ef967583040c66d71d3a4354a6b07829045f153c95d41c8b5d0815317,d1c8733b945eb07bcb691bd84994885ec63d2c3040808126358a13b8a5c126d7
040d61330ff0b359,train,maxwell_aedt,interior,-65.806222,80.015992,10.973862,0.0171449837695,0.0663783664229,converged,True,eesm_qual:EESM_2D_Qual:Setup_Qual:040d61330ff0b359,eesm_qual,EESM_2D_Qual,Setup_Qual,180.0,1566,2,"{""errors"": [], ""solve_return"": 0, ""warnings"": []}",-3.06348637912,3.06348637912,2,040d61330ff0b359,"{""adaptive_passes"": ""count"", ""flux_d"": ""Wb"", ""flux_q"": ""Wb"", ""id"": ""A"", ""if"": ""A"", ""iq"": ""A"", ""mesh_elements"": ""count"", ""pole_pairs"": ""count"", ""rotor_position"": ""deg"", ""torque"": ""N*m""}",eesm_task9_real_baseline_20260715,C:\Users\darsh\TAMU\EMPE_Lab\Motor_Control_NN_Pipeline\out\eesm\task9_baseline\raw\point_exports\040d61330ff0b359_flux_abc.csv,C:\Users\darsh\TAMU\EMPE_Lab\Motor_Control_NN_Pipeline\out\eesm\task9_baseline\raw\solver_evidence\040d61330ff0b359_mesh.ms,C:\Users\darsh\TAMU\EMPE_Lab\Motor_Control_NN_Pipeline\out\eesm\task9_baseline\raw\solver_evidence\040d61330ff0b359_convergence.conv,f1e04575c5605fb4f5aae829a4f7a7b6dcc9e818de7248b23365c786eea0d33b,79bd5523245decae518460a687fd43f61e81aa78aedc813c7dd9cb8329bae254,0630b468ce6799ea16ad7061d4cfae8d0d449aef6cf7a1d74c567dff0437cf2e,7b904f37df85d4ab47ee67365ed92825dd59fc5217ebcfaa0689352beba5a02d,317026e158c8ded9e49dbca32aa0f9fc3f840abd451432012081db54d00fe2ce
1af8538caa0cbfbb,train,maxwell_aedt,field_weakening,-116.828929,115.19671,7.011201,0.0184785174685,0.0144908761945,converged,True,eesm_qual:EESM_2D_Qual:Setup_Qual:1af8538caa0cbfbb,eesm_qual,EESM_2D_Qual,Setup_Qual,180.0,1566,2,"{""errors"": [], ""solve_return"": 0, ""warnings"": []}",-2.76783976737,2.76783976737,2,1af8538caa0cbfbb,"{""adaptive_passes"": ""count"", ""flux_d"": ""Wb"", ""flux_q"": ""Wb"", ""id"": ""A"", ""if"": ""A"", ""iq"": ""A"", ""mesh_elements"": ""count"", ""pole_pairs"": ""count"", ""rotor_position"": ""deg"", ""torque"": ""N*m""}",eesm_task9_real_baseline_20260715,C:\Users\darsh\TAMU\EMPE_Lab\Motor_Control_NN_Pipeline\out\eesm\task9_baseline\raw\point_exports\1af8538caa0cbfbb_flux_abc.csv,C:\Users\darsh\TAMU\EMPE_Lab\Motor_Control_NN_Pipeline\out\eesm\task9_baseline\raw\solver_evidence\1af8538caa0cbfbb_mesh.ms,C:\Users\darsh\TAMU\EMPE_Lab\Motor_Control_NN_Pipeline\out\eesm\task9_baseline\raw\solver_evidence\1af8538caa0cbfbb_convergence.conv,f1e04575c5605fb4f5aae829a4f7a7b6dcc9e818de7248b23365c786eea0d33b,6ca741b7b20906d8b9c6c0a8c5f8adfab68fc33389196103a9afa8b809d3a2a0,d6906ad99b6fe0ce1b0584689a2781bf78984706a84ff5ae75195f9bf09cc5ae,a80612af694975845e0dbce0ca4497c6dc0a3d3817ae7d19ce8b86bd7dc3ac2c,1557bd856516542cff08cae43fb1fbf301647ecd317173caf3670860145496f4
81c12dccec357508,train,maxwell_aedt,saturation,-39.797677,83.876984,14.051049,0.0184013375109,0.0575446296819,converged,True,eesm_qual:EESM_2D_Qual:Setup_Qual:81c12dccec357508,eesm_qual,EESM_2D_Qual,Setup_Qual,180.0,1810,3,"{""errors"": [], ""solve_return"": 0, ""warnings"": []}",-7.89250891013,7.89250891013,2,81c12dccec357508,"{""adaptive_passes"": ""count"", ""flux_d"": ""Wb"", ""flux_q"": ""Wb"", ""id"": ""A"", ""if"": ""A"", ""iq"": ""A"", ""mesh_elements"": ""count"", ""pole_pairs"": ""count"", ""rotor_position"": ""deg"", ""torque"": ""N*m""}",eesm_task9_real_baseline_20260715,C:\Users\darsh\TAMU\EMPE_Lab\Motor_Control_NN_Pipeline\out\eesm\task9_baseline\raw\point_exports\81c12dccec357508_flux_abc.csv,C:\Users\darsh\TAMU\EMPE_Lab\Motor_Control_NN_Pipeline\out\eesm\task9_baseline\raw\solver_evidence\81c12dccec357508_mesh.ms,C:\Users\darsh\TAMU\EMPE_Lab\Motor_Control_NN_Pipeline\out\eesm\task9_baseline\raw\solver_evidence\81c12dccec357508_convergence.conv,f1e04575c5605fb4f5aae829a4f7a7b6dcc9e818de7248b23365c786eea0d33b,482bdbbc90fb35175f70f1a7db70e684511112c608e323473e46b1eaf8f58c52,0b5ed775b811b6ba7a33441ae06af0a2af0cc0b694df6a77460d88e50bd7b053,22f1c0b8d8968ce3893e0bda9c3a74dd7a828115949824f1b2a1b0640ca16a59,a21946184bc58dcb4a0b6e24046d23f378c42915082cabe428c04897f8cdf1e2
84dfceba8ce86168,train,maxwell_aedt,interior,-7.410041,26.819916,2.894311,0.0100360600507,0.0154920706797,converged,True,eesm_qual:EESM_2D_Qual:Setup_Qual:84dfceba8ce86168,eesm_qual,EESM_2D_Qual,Setup_Qual,180.0,1564,2,"{""errors"": [], ""solve_return"": 0, ""warnings"": []}",-3.6593825327,3.6593825327,2,84dfceba8ce86168,"{""adaptive_passes"": ""count"", ""flux_d"": ""Wb"", ""flux_q"": ""Wb"", ""id"": ""A"", ""if"": ""A"", ""iq"": ""A"", ""mesh_elements"": ""count"", ""pole_pairs"": ""count"", ""rotor_position"": ""deg"", ""torque"": ""N*m""}",eesm_task9_real_baseline_20260715,C:\Users\darsh\TAMU\EMPE_Lab\Motor_Control_NN_Pipeline\out\eesm\task9_baseline\raw\point_exports\84dfceba8ce86168_flux_abc.csv,C:\Users\darsh\TAMU\EMPE_Lab\Motor_Control_NN_Pipeline\out\eesm\task9_baseline\raw\solver_evidence\84dfceba8ce86168_mesh.ms,C:\Users\darsh\TAMU\EMPE_Lab\Motor_Control_NN_Pipeline\out\eesm\task9_baseline\raw\solver_evidence\84dfceba8ce86168_convergence.conv,f1e04575c5605fb4f5aae829a4f7a7b6dcc9e818de7248b23365c786eea0d33b,796732177c1be2bcc7f229da002bd6fd4ea98ec198ca03b393af1a458cb637b1,5b5edbce8a27eb55940e71c72b416751ee3c487618b8e8adbaaba6aa2a9804ac,b33b8dd5ecad099f61296c1603b5a58f98996612a1bfc05b84a4b7b9616cff21,e4b12d60cfcfc98c5cee3f9a3f69ed700a1e780cbc1f5922b40656cf3b5a3bc1
9b9892d9b1e90d7f,train,maxwell_aedt,interior,-1.948589,57.056408,0.496574,0.022970074701,0.0241665701846,converged,True,eesm_qual:EESM_2D_Qual:Setup_Qual:9b9892d9b1e90d7f,eesm_qual,EESM_2D_Qual,Setup_Qual,180.0,1566,2,"{""errors"": [], ""solve_return"": 0, ""warnings"": []}",-8.74636876248,8.74636876248,2,9b9892d9b1e90d7f,"{""adaptive_passes"": ""count"", ""flux_d"": ""Wb"", ""flux_q"": ""Wb"", ""id"": ""A"", ""if"": ""A"", ""iq"": ""A"", ""mesh_elements"": ""count"", ""pole_pairs"": ""count"", ""rotor_position"": ""deg"", ""torque"": ""N*m""}",eesm_task9_real_baseline_20260715,C:\Users\darsh\TAMU\EMPE_Lab\Motor_Control_NN_Pipeline\out\eesm\task9_baseline\raw\point_exports\9b9892d9b1e90d7f_flux_abc.csv,C:\Users\darsh\TAMU\EMPE_Lab\Motor_Control_NN_Pipeline\out\eesm\task9_baseline\raw\solver_evidence\9b9892d9b1e90d7f_mesh.ms,C:\Users\darsh\TAMU\EMPE_Lab\Motor_Control_NN_Pipeline\out\eesm\task9_baseline\raw\solver_evidence\9b9892d9b1e90d7f_convergence.conv,f1e04575c5605fb4f5aae829a4f7a7b6dcc9e818de7248b23365c786eea0d33b,5f3f491ac0a440a1ba0d77e66f1f13e7ef4399809545c8fca473a5c349d5d28d,ae574fe204cce37c474a5c454d4b752b95ba7df4c4c50532bb4be9ad2e98b48c,0fbf1d29856bdf18e6250a7e12f55ccb5d7cba4a1723417b26a4bd0fcc372b5b,5e9250f476c9e49b7e3410f00d339c77656dbfe6423525f7ce9707ca076e2800
8dfe95a81c6d2a18,train,maxwell_aedt,saturation,-92.45266,103.959952,0.132123,0.00862525615944,0.0695029157468,converged,True,eesm_qual:EESM_2D_Qual:Setup_Qual:8dfe95a81c6d2a18,eesm_qual,EESM_2D_Qual,Setup_Qual,180.0,1566,2,"{""errors"": [], ""solve_return"": 0, ""warnings"": []}",-2.6159864943,2.6159864943,2,8dfe95a81c6d2a18,"{""adaptive_passes"": ""count"", ""flux_d"": ""Wb"", ""flux_q"": ""Wb"", ""id"": ""A"", ""if"": ""A"", ""iq"": ""A"", ""mesh_elements"": ""count"", ""pole_pairs"": ""count"", ""rotor_position"": ""deg"", ""torque"": ""N*m""}",eesm_task9_real_baseline_20260715,C:\Users\darsh\TAMU\EMPE_Lab\Motor_Control_NN_Pipeline\out\eesm\task9_baseline\raw\point_exports\8dfe95a81c6d2a18_flux_abc.csv,C:\Users\darsh\TAMU\EMPE_Lab\Motor_Control_NN_Pipeline\out\eesm\task9_baseline\raw\solver_evidence\8dfe95a81c6d2a18_mesh.ms,C:\Users\darsh\TAMU\EMPE_Lab\Motor_Control_NN_Pipeline\out\eesm\task9_baseline\raw\solver_evidence\8dfe95a81c6d2a18_convergence.conv,f1e04575c5605fb4f5aae829a4f7a7b6dcc9e818de7248b23365c786eea0d33b,b6406d0ab198304d570cb6cf2c6a4b6ed9a191d5264c9bb4b3375ccb53e4605c,8637dfaf0055e5270fc7b90252332596c2bfc26bf9feb17bac1b7f2e3b1a7fc4,7b78bfdd22dc291067f45d1ac6b1b1e22274eee4bc10ed94554141b013f62bd9,403f7102f46724ea1f2b1de2c89a7b704e114d975ec3d55a8b8ddc45d51f7414
4ff50094a661b25b,train,maxwell_aedt,interior,-30.684591,6.588974,7.678079,0.0113614844893,0.0317726653547,converged,True,eesm_qual:EESM_2D_Qual:Setup_Qual:4ff50094a661b25b,eesm_qual,EESM_2D_Qual,Setup_Qual,180.0,1580,2,"{""errors"": [], ""solve_return"": 0, ""warnings"": []}",1.32452947299,-1.32452947299,2,4ff50094a661b25b,"{""adaptive_passes"": ""count"", ""flux_d"": ""Wb"", ""flux_q"": ""Wb"", ""id"": ""A"", ""if"": ""A"", ""iq"": ""A"", ""mesh_elements"": ""count"", ""pole_pairs"": ""count"", ""rotor_position"": ""deg"", ""torque"": ""N*m""}",eesm_task9_real_baseline_20260715,C:\Users\darsh\TAMU\EMPE_Lab\Motor_Control_NN_Pipeline\out\eesm\task9_baseline\raw\point_exports\4ff50094a661b25b_flux_abc.csv,C:\Users\darsh\TAMU\EMPE_Lab\Motor_Control_NN_Pipeline\out\eesm\task9_baseline\raw\solver_evidence\4ff50094a661b25b_mesh.ms,C:\Users\darsh\TAMU\EMPE_Lab\Motor_Control_NN_Pipeline\out\eesm\task9_baseline\raw\solver_evidence\4ff50094a661b25b_convergence.conv,f1e04575c5605fb4f5aae829a4f7a7b6dcc9e818de7248b23365c786eea0d33b,f774c99bc9ea9ffeac609c2d28887c7daa8f6dc23cd21eee25e8f26916f8db91,ce1c5628871e32943c62205a1807aaf13896bac69446fc88fffee0a25d7b22a7,52b0886ef9ce5ac2d6f930f8441986d995be85ac4d90917d19f5cc1243501cd8,a1baf301f5b1bb7b8fcdb58249d2dc1805b889c869f55229d393eb82799c21ac
33c59d8bee1f3e8d,train,maxwell_aedt,field_weakening,-113.711646,110.765335,2.629892,0.00906471118534,0.0666492083841,converged,True,eesm_qual:EESM_2D_Qual:Setup_Qual:33c59d8bee1f3e8d,eesm_qual,EESM_2D_Qual,Setup_Qual,180.0,1582,2,"{""errors"": [], ""solve_return"": 0, ""warnings"": []}",-2.48075766408,2.48075766408,2,33c59d8bee1f3e8d,"{""adaptive_passes"": ""count"", ""flux_d"": ""Wb"", ""flux_q"": ""Wb"", ""id"": ""A"", ""if"": ""A"", ""iq"": ""A"", ""mesh_elements"": ""count"", ""pole_pairs"": ""count"", ""rotor_position"": ""deg"", ""torque"": ""N*m""}",eesm_task9_real_baseline_20260715,C:\Users\darsh\TAMU\EMPE_Lab\Motor_Control_NN_Pipeline\out\eesm\task9_baseline\raw\point_exports\33c59d8bee1f3e8d_flux_abc.csv,C:\Users\darsh\TAMU\EMPE_Lab\Motor_Control_NN_Pipeline\out\eesm\task9_baseline\raw\solver_evidence\33c59d8bee1f3e8d_mesh.ms,C:\Users\darsh\TAMU\EMPE_Lab\Motor_Control_NN_Pipeline\out\eesm\task9_baseline\raw\solver_evidence\33c59d8bee1f3e8d_convergence.conv,f1e04575c5605fb4f5aae829a4f7a7b6dcc9e818de7248b23365c786eea0d33b,8cba9dac8c46b2fa10185c3276f015704652dfd88d50150655301d4051498258,a08e4c4a9cf685e2bcde02f70fd7a1d4524b8e9f1c760c12fb5f307d20fc6db5,d81256fc8969f31b5d1c312e92b39e9446e1b2eaff956944e8866a8c2ac2b6e5,93d67f4ceef700eeb87b1fa14c3827439dd356e135534aa1e3ccde8b9c49d517
91e4ce9ccfc219e1,train,maxwell_aedt,field_weakening,-111.932826,86.792723,4.815574,0.0233656016324,0.0312854288145,converged,True,eesm_qual:EESM_2D_Qual:Setup_Qual:91e4ce9ccfc219e1,eesm_qual,EESM_2D_Qual,Setup_Qual,180.0,1582,2,"{""errors"": [], ""solve_return"": 0, ""warnings"": []}",-1.13044969477,1.13044969477,2,91e4ce9ccfc219e1,"{""adaptive_passes"": ""count"", ""flux_d"": ""Wb"", ""flux_q"": ""Wb"", ""id"": ""A"", ""if"": ""A"", ""iq"": ""A"", ""mesh_elements"": ""count"", ""pole_pairs"": ""count"", ""rotor_position"": ""deg"", ""torque"": ""N*m""}",eesm_task9_real_baseline_20260715,C:\Users\darsh\TAMU\EMPE_Lab\Motor_Control_NN_Pipeline\out\eesm\task9_baseline\raw\point_exports\91e4ce9ccfc219e1_flux_abc.csv,C:\Users\darsh\TAMU\EMPE_Lab\Motor_Control_NN_Pipeline\out\eesm\task9_baseline\raw\solver_evidence\91e4ce9ccfc219e1_mesh.ms,C:\Users\darsh\TAMU\EMPE_Lab\Motor_Control_NN_Pipeline\out\eesm\task9_baseline\raw\solver_evidence\91e4ce9ccfc219e1_convergence.conv,f1e04575c5605fb4f5aae829a4f7a7b6dcc9e818de7248b23365c786eea0d33b,7e4ff23145b0b183b034bca5c903a4755be673c90a54f00da5410a15dbce958f,d674c11bfa2782192e26a07d881df89308b7b0c9aef892d8bdb19201efcdbb78,427a79a0c083d3d9cd1767f30449978b6ab26738bfb845b1c484295f2ba744f5,1dd71964e3e186034dc01cb113e5c3d73014cbb123f9a1ac5710764c74b45b68
fc578c354c4ee150,train,maxwell_aedt,saturation,-54.568804,97.587781,12.945325,-0.0120259600399,0.0183496764147,converged,True,eesm_qual:EESM_2D_Qual:Setup_Qual:fc578c354c4ee150,eesm_qual,EESM_2D_Qual,Setup_Qual,180.0,1564,2,"{""errors"": [], ""solve_return"": 0, ""warnings"": []}",-7.28596499083,7.28596499083,2,fc578c354c4ee150,"{""adaptive_passes"": ""count"", ""flux_d"": ""Wb"", ""flux_q"": ""Wb"", ""id"": ""A"", ""if"": ""A"", ""iq"": ""A"", ""mesh_elements"": ""count"", ""pole_pairs"": ""count"", ""rotor_position"": ""deg"", ""torque"": ""N*m""}",eesm_task9_real_baseline_20260715,C:\Users\darsh\TAMU\EMPE_Lab\Motor_Control_NN_Pipeline\out\eesm\task9_baseline\raw\point_exports\fc578c354c4ee150_flux_abc.csv,C:\Users\darsh\TAMU\EMPE_Lab\Motor_Control_NN_Pipeline\out\eesm\task9_baseline\raw\solver_evidence\fc578c354c4ee150_mesh.ms,C:\Users\darsh\TAMU\EMPE_Lab\Motor_Control_NN_Pipeline\out\eesm\task9_baseline\raw\solver_evidence\fc578c354c4ee150_convergence.conv,f1e04575c5605fb4f5aae829a4f7a7b6dcc9e818de7248b23365c786eea0d33b,44daad1efd245ec40e44b416bf7e1651adcdd9f90d64b2a2e0810491321d0645,e6f05196c2f2d0a03c4f0f99863926414f4a6b88c48b020f9e50497fe4ee0cc6,b1aa1bce27040a78248392ed4c1063c9b74e4d0d34361eb0c47825482d79c17f,75329fe7f999543b3dc0c466cbf35473dd9f1773bd6a21957e03154b306ac89f
6855d8908e2169b1,selection,maxwell_aedt,boundary,-120.0,60.0,8.0,0.0389285670162,0.0350006765225,converged,True,eesm_qual:EESM_2D_Qual:Setup_Qual:6855d8908e2169b1,eesm_qual,EESM_2D_Qual,Setup_Qual,180.0,1572,2,"{""errors"": [], ""solve_return"": 0, ""warnings"": []}",0.624492308771,-0.624492308771,2,6855d8908e2169b1,"{""adaptive_passes"": ""count"", ""flux_d"": ""Wb"", ""flux_q"": ""Wb"", ""id"": ""A"", ""if"": ""A"", ""iq"": ""A"", ""mesh_elements"": ""count"", ""pole_pairs"": ""count"", ""rotor_position"": ""deg"", ""torque"": ""N*m""}",eesm_task9_real_baseline_20260715,C:\Users\darsh\TAMU\EMPE_Lab\Motor_Control_NN_Pipeline\out\eesm\task9_baseline\raw\point_exports\6855d8908e2169b1_flux_abc.csv,C:\Users\darsh\TAMU\EMPE_Lab\Motor_Control_NN_Pipeline\out\eesm\task9_baseline\raw\solver_evidence\6855d8908e2169b1_mesh.ms,C:\Users\darsh\TAMU\EMPE_Lab\Motor_Control_NN_Pipeline\out\eesm\task9_baseline\raw\solver_evidence\6855d8908e2169b1_convergence.conv,f1e04575c5605fb4f5aae829a4f7a7b6dcc9e818de7248b23365c786eea0d33b,f6fbb4bc12db123609ee08983a4e57db5acce6e839c62b175f33c1976ef07cb4,89667fa69762690d4e04d8805c62facf891e2ba047cb94abf8e9350df66ec871,96ec93010a9cc1b81033865428004891decba62092fa8a524fee744cc0182c14,26c4ace419f7cbb00cc6c25b70c31884f2834a3c6c428e1a8a66e8fd16098892
1f08f997ce81954a,selection,maxwell_aedt,boundary,-60.0,120.0,8.0,-0.0382497790559,-0.00838635161867,converged,True,eesm_qual:EESM_2D_Qual:Setup_Qual:1f08f997ce81954a,eesm_qual,EESM_2D_Qual,Setup_Qual,180.0,1564,2,"{""errors"": [], ""solve_return"": 0, ""warnings"": []}",-10.2166125207,10.2166125207,2,1f08f997ce81954a,"{""adaptive_passes"": ""count"", ""flux_d"": ""Wb"", ""flux_q"": ""Wb"", ""id"": ""A"", ""if"": ""A"", ""iq"": ""A"", ""mesh_elements"": ""count"", ""pole_pairs"": ""count"", ""rotor_position"": ""deg"", ""torque"": ""N*m""}",eesm_task9_real_baseline_20260715,C:\Users\darsh\TAMU\EMPE_Lab\Motor_Control_NN_Pipeline\out\eesm\task9_baseline\raw\point_exports\1f08f997ce81954a_flux_abc.csv,C:\Users\darsh\TAMU\EMPE_Lab\Motor_Control_NN_Pipeline\out\eesm\task9_baseline\raw\solver_evidence\1f08f997ce81954a_mesh.ms,C:\Users\darsh\TAMU\EMPE_Lab\Motor_Control_NN_Pipeline\out\eesm\task9_baseline\raw\solver_evidence\1f08f997ce81954a_convergence.conv,f1e04575c5605fb4f5aae829a4f7a7b6dcc9e818de7248b23365c786eea0d33b,1e651f3bdc538500a6e81c8d86337a9cddc618e544bf669824f0322984684cf8,c125470cf1e68f60e0f43ed77b149454dca38877ff81ad2385dae23d147fd412,bfaa1801cbf2abf20d6f9e8804725fac0968133ee11c23e9cf81f9800ea8b262,f91cf5087b49a09d5caa87c205340d0658edbb9ea86d5f2fd8fe5fe288af59c6
d49bd485b1817f08,selection,maxwell_aedt,field_weakening,-105.0,45.0,6.0,0.0402700373688,0.0599959105021,converged,True,eesm_qual:EESM_2D_Qual:Setup_Qual:d49bd485b1817f08,eesm_qual,EESM_2D_Qual,Setup_Qual,180.0,1570,2,"{""errors"": [], ""solve_return"": 0, ""warnings"": []}",0.876033239008,-0.876033239008,2,d49bd485b1817f08,"{""adaptive_passes"": ""count"", ""flux_d"": ""Wb"", ""flux_q"": ""Wb"", ""id"": ""A"", ""if"": ""A"", ""iq"": ""A"", ""mesh_elements"": ""count"", ""pole_pairs"": ""count"", ""rotor_position"": ""deg"", ""torque"": ""N*m""}",eesm_task9_real_baseline_20260715,C:\Users\darsh\TAMU\EMPE_Lab\Motor_Control_NN_Pipeline\out\eesm\task9_baseline\raw\point_exports\d49bd485b1817f08_flux_abc.csv,C:\Users\darsh\TAMU\EMPE_Lab\Motor_Control_NN_Pipeline\out\eesm\task9_baseline\raw\solver_evidence\d49bd485b1817f08_mesh.ms,C:\Users\darsh\TAMU\EMPE_Lab\Motor_Control_NN_Pipeline\out\eesm\task9_baseline\raw\solver_evidence\d49bd485b1817f08_convergence.conv,f1e04575c5605fb4f5aae829a4f7a7b6dcc9e818de7248b23365c786eea0d33b,a842b051099a2f7c0ccfe7f457cf2a5a4a473a8f82515358b37fc8a2d0467faf,fcead86d5d1770211304975f060496824fd80f6c7e68ca8df17f53081a75c5ea,7a41b3e86bf4d5a7657f5de817866845d3aaa673b7fe5bf8ee709faf57b7f80f,0f1334cda399856a2fb606e0da50960706328b1bf956246f5210c2d1ccaf28f9
71ecbc9071b1a013,selection,maxwell_aedt,saturation,-35.0,105.0,13.0,0.0380931335443,0.0193347758817,converged,True,eesm_qual:EESM_2D_Qual:Setup_Qual:71ecbc9071b1a013,eesm_qual,EESM_2D_Qual,Setup_Qual,180.0,1564,2,"{""errors"": [], ""solve_return"": 0, ""warnings"": []}",-13.2350849958,13.2350849958,2,71ecbc9071b1a013,"{""adaptive_passes"": ""count"", ""flux_d"": ""Wb"", ""flux_q"": ""Wb"", ""id"": ""A"", ""if"": ""A"", ""iq"": ""A"", ""mesh_elements"": ""count"", ""pole_pairs"": ""count"", ""rotor_position"": ""deg"", ""torque"": ""N*m""}",eesm_task9_real_baseline_20260715,C:\Users\darsh\TAMU\EMPE_Lab\Motor_Control_NN_Pipeline\out\eesm\task9_baseline\raw\point_exports\71ecbc9071b1a013_flux_abc.csv,C:\Users\darsh\TAMU\EMPE_Lab\Motor_Control_NN_Pipeline\out\eesm\task9_baseline\raw\solver_evidence\71ecbc9071b1a013_mesh.ms,C:\Users\darsh\TAMU\EMPE_Lab\Motor_Control_NN_Pipeline\out\eesm\task9_baseline\raw\solver_evidence\71ecbc9071b1a013_convergence.conv,f1e04575c5605fb4f5aae829a4f7a7b6dcc9e818de7248b23365c786eea0d33b,27bc26bcc29949fa89ef882fb114aebede104ca4c43c2e53ed72d72433aaec3b,09dd9da78074c505cc95cc98e9be361934a612d54f904e2caae2bc710c8e5be7,0908c9f936ac5af6bfc188e35f28d749678d2cbf00873934dd70bc26657ee4be,d5263ad6629881d9cceced49230b29513ec3f62a2b087b1bb0e093d1682efcfc
3182af83c777e346,selection,maxwell_aedt,interior,-63.87846,89.455252,4.380428,0.0161308855274,0.046076595768,converged,True,eesm_qual:EESM_2D_Qual:Setup_Qual:3182af83c777e346,eesm_qual,EESM_2D_Qual,Setup_Qual,180.0,1570,2,"{""errors"": [], ""solve_return"": 0, ""warnings"": []}",-3.91615401534,3.91615401534,2,3182af83c777e346,"{""adaptive_passes"": ""count"", ""flux_d"": ""Wb"", ""flux_q"": ""Wb"", ""id"": ""A"", ""if"": ""A"", ""iq"": ""A"", ""mesh_elements"": ""count"", ""pole_pairs"": ""count"", ""rotor_position"": ""deg"", ""torque"": ""N*m""}",eesm_task9_real_baseline_20260715,C:\Users\darsh\TAMU\EMPE_Lab\Motor_Control_NN_Pipeline\out\eesm\task9_baseline\raw\point_exports\3182af83c777e346_flux_abc.csv,C:\Users\darsh\TAMU\EMPE_Lab\Motor_Control_NN_Pipeline\out\eesm\task9_baseline\raw\solver_evidence\3182af83c777e346_mesh.ms,C:\Users\darsh\TAMU\EMPE_Lab\Motor_Control_NN_Pipeline\out\eesm\task9_baseline\raw\solver_evidence\3182af83c777e346_convergence.conv,f1e04575c5605fb4f5aae829a4f7a7b6dcc9e818de7248b23365c786eea0d33b,006ad467afa20af8363a459269c7aa81f72da58a2d7a4ea67f550379ec66f4f4,da3e7de882240245c7a57fa4f67e74c0e4509360580726890870c549c9125af4,1c31f3c2e95f0ce01a6aeeda064c2f1be1c633ef702353de4a62e636b209235a,c534d461b98f61e5480644584b22b1ec5d6cfab212527231f4a684a7426e3e7e
d2b5adf3fc0172b9,selection,maxwell_aedt,saturation,-82.874713,99.607254,2.437731,0.000536706040309,0.0582624546977,converged,True,eesm_qual:EESM_2D_Qual:Setup_Qual:d2b5adf3fc0172b9,eesm_qual,EESM_2D_Qual,Setup_Qual,180.0,1576,2,"{""errors"": [], ""solve_return"": 0, ""warnings"": []}",-3.01536214481,3.01536214481,2,d2b5adf3fc0172b9,"{""adaptive_passes"": ""count"", ""flux_d"": ""Wb"", ""flux_q"": ""Wb"", ""id"": ""A"", ""if"": ""A"", ""iq"": ""A"", ""mesh_elements"": ""count"", ""pole_pairs"": ""count"", ""rotor_position"": ""deg"", ""torque"": ""N*m""}",eesm_task9_real_baseline_20260715,C:\Users\darsh\TAMU\EMPE_Lab\Motor_Control_NN_Pipeline\out\eesm\task9_baseline\raw\point_exports\d2b5adf3fc0172b9_flux_abc.csv,C:\Users\darsh\TAMU\EMPE_Lab\Motor_Control_NN_Pipeline\out\eesm\task9_baseline\raw\solver_evidence\d2b5adf3fc0172b9_mesh.ms,C:\Users\darsh\TAMU\EMPE_Lab\Motor_Control_NN_Pipeline\out\eesm\task9_baseline\raw\solver_evidence\d2b5adf3fc0172b9_convergence.conv,f1e04575c5605fb4f5aae829a4f7a7b6dcc9e818de7248b23365c786eea0d33b,cf464801785e797c142767cc3cd972cb27a4f88fb0830088c9bd65a9c2f6c7e4,3f70485d9d6d69f80f413b046763e8b6543d4d4c2a0a69bcfc89dd5639060fcb,1bd5fe28f564f7c2c126b164e4e188d28f27aad4529a41cd8ef0825d960b3982,e30d7bffe57a21f2b1ea6612eb6fca81cdb859638051fa587c229ce06f3fae9f
b4ede6f7dc65434a,selection,maxwell_aedt,saturation,-27.03835,52.858759,12.079024,-0.0108203705422,-0.0188492769382,converged,True,eesm_qual:EESM_2D_Qual:Setup_Qual:b4ede6f7dc65434a,eesm_qual,EESM_2D_Qual,Setup_Qual,180.0,1564,2,"{""errors"": [], ""solve_return"": 0, ""warnings"": []}",-4.8734344737,4.8734344737,2,b4ede6f7dc65434a,"{""adaptive_passes"": ""count"", ""flux_d"": ""Wb"", ""flux_q"": ""Wb"", ""id"": ""A"", ""if"": ""A"", ""iq"": ""A"", ""mesh_elements"": ""count"", ""pole_pairs"": ""count"", ""rotor_position"": ""deg"", ""torque"": ""N*m""}",eesm_task9_real_baseline_20260715,C:\Users\darsh\TAMU\EMPE_Lab\Motor_Control_NN_Pipeline\out\eesm\task9_baseline\raw\point_exports\b4ede6f7dc65434a_flux_abc.csv,C:\Users\darsh\TAMU\EMPE_Lab\Motor_Control_NN_Pipeline\out\eesm\task9_baseline\raw\solver_evidence\b4ede6f7dc65434a_mesh.ms,C:\Users\darsh\TAMU\EMPE_Lab\Motor_Control_NN_Pipeline\out\eesm\task9_baseline\raw\solver_evidence\b4ede6f7dc65434a_convergence.conv,f1e04575c5605fb4f5aae829a4f7a7b6dcc9e818de7248b23365c786eea0d33b,e34e6699da0148fce77006b4d45fc85d8b59f6d3043ab8abd0c61be022a49e07,38d67f1e92f4c5e031264d2e8da930e08986c8566addbb8eed8638628fbcf161,e182e170848623bae3f97b883cbc8d79c4e03b71551b2b8c060076cb1ba9dce1,a19b819335d5ffd0a1a4e15960e13de6cfd8a918b042a8edf0eaaaa59266d386
a44610ae438b3b34,selection,maxwell_aedt,interior,-13.527963,69.377164,10.205227,0.0237877791867,0.0226963672399,converged,True,eesm_qual:EESM_2D_Qual:Setup_Qual:a44610ae438b3b34,eesm_qual,EESM_2D_Qual,Setup_Qual,180.0,1574,2,"{""errors"": [], ""solve_return"": 0, ""warnings"": []}",-10.6607284847,10.6607284847,2,a44610ae438b3b34,"{""adaptive_passes"": ""count"", ""flux_d"": ""Wb"", ""flux_q"": ""Wb"", ""id"": ""A"", ""if"": ""A"", ""iq"": ""A"", ""mesh_elements"": ""count"", ""pole_pairs"": ""count"", ""rotor_position"": ""deg"", ""torque"": ""N*m""}",eesm_task9_real_baseline_20260715,C:\Users\darsh\TAMU\EMPE_Lab\Motor_Control_NN_Pipeline\out\eesm\task9_baseline\raw\point_exports\a44610ae438b3b34_flux_abc.csv,C:\Users\darsh\TAMU\EMPE_Lab\Motor_Control_NN_Pipeline\out\eesm\task9_baseline\raw\solver_evidence\a44610ae438b3b34_mesh.ms,C:\Users\darsh\TAMU\EMPE_Lab\Motor_Control_NN_Pipeline\out\eesm\task9_baseline\raw\solver_evidence\a44610ae438b3b34_convergence.conv,f1e04575c5605fb4f5aae829a4f7a7b6dcc9e818de7248b23365c786eea0d33b,19c27e4e67c075c44a077883e9b77d954ded90d8b50749e0eb0d27ff5e0aa05a,1a12f7862d7147b379317474729793440ff63e8376d6254b348f819aa70d88f7,99a13400b2e6b11b865a0b84528a12e406ca5359842eb3b5903c857aee66c5f8,472cf239f9e5ff60fcac043d326a738aa61a9b80b6a0bcbcc06a8d6b6f1d6903
d032492f89943fc3,selection,maxwell_aedt,saturation,-57.144461,106.820539,13.347092,0.0387031669021,0.0720644263307,converged,True,eesm_qual:EESM_2D_Qual:Setup_Qual:d032492f89943fc3,eesm_qual,EESM_2D_Qual,Setup_Qual,180.0,1809,3,"{""errors"": [], ""solve_return"": 0, ""warnings"": []}",-8.58287156986,8.58287156986,2,d032492f89943fc3,"{""adaptive_passes"": ""count"", ""flux_d"": ""Wb"", ""flux_q"": ""Wb"", ""id"": ""A"", ""if"": ""A"", ""iq"": ""A"", ""mesh_elements"": ""count"", ""pole_pairs"": ""count"", ""rotor_position"": ""deg"", ""torque"": ""N*m""}",eesm_task9_real_baseline_20260715,C:\Users\darsh\TAMU\EMPE_Lab\Motor_Control_NN_Pipeline\out\eesm\task9_baseline\raw\point_exports\d032492f89943fc3_flux_abc.csv,C:\Users\darsh\TAMU\EMPE_Lab\Motor_Control_NN_Pipeline\out\eesm\task9_baseline\raw\solver_evidence\d032492f89943fc3_mesh.ms,C:\Users\darsh\TAMU\EMPE_Lab\Motor_Control_NN_Pipeline\out\eesm\task9_baseline\raw\solver_evidence\d032492f89943fc3_convergence.conv,f1e04575c5605fb4f5aae829a4f7a7b6dcc9e818de7248b23365c786eea0d33b,d952d3c6b00e267b9c386b614c2aa2dfb947413554750f89757b5115d6351209,1b726611fd6be8f44fdd1486457af40ab06dd8ed0bdb0b0da8cc419944e19529,116b620ad0f2ee3729a2d9ea81c4bbca30abfa66c96f078a2aebcea2ec49cdae,c83ee930bba0505947ba24a5dceaa808fd06ab685bba82f384d940edd95d68f5
ed132f3a5dd3fb6f,selection,maxwell_aedt,field_weakening,-97.250534,30.970264,1.602471,0.0107992300392,0.0518005981245,converged,True,eesm_qual:EESM_2D_Qual:Setup_Qual:ed132f3a5dd3fb6f,eesm_qual,EESM_2D_Qual,Setup_Qual,180.0,1572,2,"{""errors"": [], ""solve_return"": 0, ""warnings"": []}",1.1806406837,-1.1806406837,2,ed132f3a5dd3fb6f,"{""adaptive_passes"": ""count"", ""flux_d"": ""Wb"", ""flux_q"": ""Wb"", ""id"": ""A"", ""if"": ""A"", ""iq"": ""A"", ""mesh_elements"": ""count"", ""pole_pairs"": ""count"", ""rotor_position"": ""deg"", ""torque"": ""N*m""}",eesm_task9_real_baseline_20260715,C:\Users\darsh\TAMU\EMPE_Lab\Motor_Control_NN_Pipeline\out\eesm\task9_baseline\raw\point_exports\ed132f3a5dd3fb6f_flux_abc.csv,C:\Users\darsh\TAMU\EMPE_Lab\Motor_Control_NN_Pipeline\out\eesm\task9_baseline\raw\solver_evidence\ed132f3a5dd3fb6f_mesh.ms,C:\Users\darsh\TAMU\EMPE_Lab\Motor_Control_NN_Pipeline\out\eesm\task9_baseline\raw\solver_evidence\ed132f3a5dd3fb6f_convergence.conv,f1e04575c5605fb4f5aae829a4f7a7b6dcc9e818de7248b23365c786eea0d33b,d70a7e7ea38658eb9b3eb5fa76dbaa92a1403ea1d1e50522e1901c32bac7b079,346418e8366db8af4ba2e3a2a0516bb0c08bfae17cfd94cfb0ef95bae0d3e187,427c3f34d1861fdc279630a0e613f624eb5c2857f3a14796d3f4f59885641094,9d1ae3ac63a2a91060d9ae038876e172f11f4f485c0ce1f6f66baca537b9ef76
961f381c438051d8,selection,maxwell_aedt,interior,-34.017901,16.695644,7.850828,0.0340576670898,0.0603552903991,converged,True,eesm_qual:EESM_2D_Qual:Setup_Qual:961f381c438051d8,eesm_qual,EESM_2D_Qual,Setup_Qual,180.0,1570,2,"{""errors"": [], ""solve_return"": 0, ""warnings"": []}",0.285354729646,-0.285354729646,2,961f381c438051d8,"{""adaptive_passes"": ""count"", ""flux_d"": ""Wb"", ""flux_q"": ""Wb"", ""id"": ""A"", ""if"": ""A"", ""iq"": ""A"", ""mesh_elements"": ""count"", ""pole_pairs"": ""count"", ""rotor_position"": ""deg"", ""torque"": ""N*m""}",eesm_task9_real_baseline_20260715,C:\Users\darsh\TAMU\EMPE_Lab\Motor_Control_NN_Pipeline\out\eesm\task9_baseline\raw\point_exports\961f381c438051d8_flux_abc.csv,C:\Users\darsh\TAMU\EMPE_Lab\Motor_Control_NN_Pipeline\out\eesm\task9_baseline\raw\solver_evidence\961f381c438051d8_mesh.ms,C:\Users\darsh\TAMU\EMPE_Lab\Motor_Control_NN_Pipeline\out\eesm\task9_baseline\raw\solver_evidence\961f381c438051d8_convergence.conv,f1e04575c5605fb4f5aae829a4f7a7b6dcc9e818de7248b23365c786eea0d33b,8b6e706ca4907efff675f45e96c8b9bd23711460780d2481f4e4817b2f47320f,33e2cfbc6cce9dc9682584f90ea1e157712ce0df11c33895cd41ffa463df9912,8b73893fc58d1d49a73d0a28ebc77224d6aa29eec6be2e43c9d795399dcb0f94,bf398d4fb85accd20b4205fc17378bcda208395fb197e50c5b727991d86a991c
5874043c2d6fb12e,selection,maxwell_aedt,field_weakening,-109.819962,12.615303,6.14352,0.0210782730057,0.0125935025909,converged,True,eesm_qual:EESM_2D_Qual:Setup_Qual:5874043c2d6fb12e,eesm_qual,EESM_2D_Qual,Setup_Qual,180.0,1570,2,"{""errors"": [], ""solve_return"": 0, ""warnings"": []}",3.80451680737,-3.80451680737,2,5874043c2d6fb12e,"{""adaptive_passes"": ""count"", ""flux_d"": ""Wb"", ""flux_q"": ""Wb"", ""id"": ""A"", ""if"": ""A"", ""iq"": ""A"", ""mesh_elements"": ""count"", ""pole_pairs"": ""count"", ""rotor_position"": ""deg"", ""torque"": ""N*m""}",eesm_task9_real_baseline_20260715,C:\Users\darsh\TAMU\EMPE_Lab\Motor_Control_NN_Pipeline\out\eesm\task9_baseline\raw\point_exports\5874043c2d6fb12e_flux_abc.csv,C:\Users\darsh\TAMU\EMPE_Lab\Motor_Control_NN_Pipeline\out\eesm\task9_baseline\raw\solver_evidence\5874043c2d6fb12e_mesh.ms,C:\Users\darsh\TAMU\EMPE_Lab\Motor_Control_NN_Pipeline\out\eesm\task9_baseline\raw\solver_evidence\5874043c2d6fb12e_convergence.conv,f1e04575c5605fb4f5aae829a4f7a7b6dcc9e818de7248b23365c786eea0d33b,b104fc6b2245871de88defeb54494b1c6ad715ba6d79f4e5d332cf00508eb309,b266d22656f7824117a40bd5e76c6cb7bb9d839c1db657a93e1c50f0b7468b01,a7eb286ede13001406da1cb16ffb9ddbc0de2b77eb74bd077e2a1ba546dc3b72,5db25765b9f091f505404e0a243071e545f6cf53cc4da6f80a405bac0134cddb
2a2914bcdb709e16,reference,maxwell_aedt,boundary,0.0,60.0,8.0,0.00722184197989,0.0196506042748,converged,True,eesm_qual:EESM_2D_Qual:Setup_Qual:2a2914bcdb709e16,eesm_qual,EESM_2D_Qual,Setup_Qual,180.0,1560,2,"{""errors"": [], ""solve_return"": 0, ""warnings"": []}",-10.068366543,10.068366543,2,2a2914bcdb709e16,"{""adaptive_passes"": ""count"", ""flux_d"": ""Wb"", ""flux_q"": ""Wb"", ""id"": ""A"", ""if"": ""A"", ""iq"": ""A"", ""mesh_elements"": ""count"", ""pole_pairs"": ""count"", ""rotor_position"": ""deg"", ""torque"": ""N*m""}",eesm_task9_real_baseline_20260715,C:\Users\darsh\TAMU\EMPE_Lab\Motor_Control_NN_Pipeline\out\eesm\task9_baseline\raw\point_exports\2a2914bcdb709e16_flux_abc.csv,C:\Users\darsh\TAMU\EMPE_Lab\Motor_Control_NN_Pipeline\out\eesm\task9_baseline\raw\solver_evidence\2a2914bcdb709e16_mesh.ms,C:\Users\darsh\TAMU\EMPE_Lab\Motor_Control_NN_Pipeline\out\eesm\task9_baseline\raw\solver_evidence\2a2914bcdb709e16_convergence.conv,f1e04575c5605fb4f5aae829a4f7a7b6dcc9e818de7248b23365c786eea0d33b,4aeec3ea54e2c9808d21d7e94a9d785c72b4a8077fec3b0272403a794a5b108d,5fda99a33faf0970d8bf2860ca7decdb10ef89ae1d9120131ea8f54dac27226a,1bb93d092492e068b106da5549789055ed4a4285e6ca3870266819cfc4d105b8,085f19435e3445830b5d3d7a1dd48b4644df73994216a1815e6f03f64093aba6
8a29b780e7f5352a,reference,maxwell_aedt,field_weakening,-100.0,100.0,5.0,0.0160379436943,0.0777983961564,converged,True,eesm_qual:EESM_2D_Qual:Setup_Qual:8a29b780e7f5352a,eesm_qual,EESM_2D_Qual,Setup_Qual,180.0,1566,2,"{""errors"": [], ""solve_return"": 0, ""warnings"": []}",-2.13920048336,2.13920048336,2,8a29b780e7f5352a,"{""adaptive_passes"": ""count"", ""flux_d"": ""Wb"", ""flux_q"": ""Wb"", ""id"": ""A"", ""if"": ""A"", ""iq"": ""A"", ""mesh_elements"": ""count"", ""pole_pairs"": ""count"", ""rotor_position"": ""deg"", ""torque"": ""N*m""}",eesm_task9_real_baseline_20260715,C:\Users\darsh\TAMU\EMPE_Lab\Motor_Control_NN_Pipeline\out\eesm\task9_baseline\raw\point_exports\8a29b780e7f5352a_flux_abc.csv,C:\Users\darsh\TAMU\EMPE_Lab\Motor_Control_NN_Pipeline\out\eesm\task9_baseline\raw\solver_evidence\8a29b780e7f5352a_mesh.ms,C:\Users\darsh\TAMU\EMPE_Lab\Motor_Control_NN_Pipeline\out\eesm\task9_baseline\raw\solver_evidence\8a29b780e7f5352a_convergence.conv,f1e04575c5605fb4f5aae829a4f7a7b6dcc9e818de7248b23365c786eea0d33b,7e015a5877a92b4fe59b8636db014a020fb8550a5eecf401c2f277aa64e8db33,7dbddfb0d808d4173fefb8ca54d45011202666a25ae747be6b726ac8b1fd68af,7af441c1af38d9359eb644f08930c52a6e849250d609cc969af295af93b3c14a,269cbc70184c0d7879c60e34f31799ef39d3ac8f7fbe029d8a65b81b716b6767
6564bc4e6d3304e6,reference,maxwell_aedt,saturation,-20.0,90.0,15.0,0.0057773854504,0.0152126089473,converged,True,eesm_qual:EESM_2D_Qual:Setup_Qual:6564bc4e6d3304e6,eesm_qual,EESM_2D_Qual,Setup_Qual,180.0,1563,2,"{""errors"": [], ""solve_return"": 0, ""warnings"": []}",-13.4254542075,13.4254542075,2,6564bc4e6d3304e6,"{""adaptive_passes"": ""count"", ""flux_d"": ""Wb"", ""flux_q"": ""Wb"", ""id"": ""A"", ""if"": ""A"", ""iq"": ""A"", ""mesh_elements"": ""count"", ""pole_pairs"": ""count"", ""rotor_position"": ""deg"", ""torque"": ""N*m""}",eesm_task9_real_baseline_20260715,C:\Users\darsh\TAMU\EMPE_Lab\Motor_Control_NN_Pipeline\out\eesm\task9_baseline\raw\point_exports\6564bc4e6d3304e6_flux_abc.csv,C:\Users\darsh\TAMU\EMPE_Lab\Motor_Control_NN_Pipeline\out\eesm\task9_baseline\raw\solver_evidence\6564bc4e6d3304e6_mesh.ms,C:\Users\darsh\TAMU\EMPE_Lab\Motor_Control_NN_Pipeline\out\eesm\task9_baseline\raw\solver_evidence\6564bc4e6d3304e6_convergence.conv,f1e04575c5605fb4f5aae829a4f7a7b6dcc9e818de7248b23365c786eea0d33b,28cfe385813db2c3d13e0382dc32fc1f2ea3b45483e83dfd802f718fc02f9aec,892f5761464ce6ab877b387a37492631fad1b37104923a166c4ecfccb67b5c76,881ee4a6090b45628380b5a6230c2a2ed112c8c01228172d8dada0ebae9628fc,344a4a46fd389b7c42e40ad87aded94ce38c674b073ee5977f06a6004d1ccb59
0ba519b4f36e4ded,reference,maxwell_aedt,interior,-65.684509,76.861027,10.16949,0.0328931451537,0.0417161386272,converged,True,eesm_qual:EESM_2D_Qual:Setup_Qual:0ba519b4f36e4ded,eesm_qual,EESM_2D_Qual,Setup_Qual,180.0,1570,2,"{""errors"": [], ""solve_return"": 0, ""warnings"": []}",-2.76388929837,2.76388929837,2,0ba519b4f36e4ded,"{""adaptive_passes"": ""count"", ""flux_d"": ""Wb"", ""flux_q"": ""Wb"", ""id"": ""A"", ""if"": ""A"", ""iq"": ""A"", ""mesh_elements"": ""count"", ""pole_pairs"": ""count"", ""rotor_position"": ""deg"", ""torque"": ""N*m""}",eesm_task9_real_baseline_20260715,C:\Users\darsh\TAMU\EMPE_Lab\Motor_Control_NN_Pipeline\out\eesm\task9_baseline\raw\point_exports\0ba519b4f36e4ded_flux_abc.csv,C:\Users\darsh\TAMU\EMPE_Lab\Motor_Control_NN_Pipeline\out\eesm\task9_baseline\raw\solver_evidence\0ba519b4f36e4ded_mesh.ms,C:\Users\darsh\TAMU\EMPE_Lab\Motor_Control_NN_Pipeline\out\eesm\task9_baseline\raw\solver_evidence\0ba519b4f36e4ded_convergence.conv,f1e04575c5605fb4f5aae829a4f7a7b6dcc9e818de7248b23365c786eea0d33b,79b78cf63670efa177d046dfd906c9344c5bec8bc87a2b9f2ab1ec567524360b,038071abb604049b014068f4ba94253f152805c549d294fb41d6d5bb6247bbe9,3f02e1434e5508daf719b8414999ca2207e23b80c27056301b205fcc5b26ad31,7b7ec7bbae2036c64a3f0f627593db79c42cc0e2d2a46f76e1ca298cab773c96
82ab967a28689053,reference,maxwell_aedt,field_weakening,-116.852299,7.881936,2.464802,0.037369676682,0.0283904948903,converged,True,eesm_qual:EESM_2D_Qual:Setup_Qual:82ab967a28689053,eesm_qual,EESM_2D_Qual,Setup_Qual,180.0,1578,2,"{""errors"": [], ""solve_return"": 0, ""warnings"": []}",4.87364784256,-4.87364784256,2,82ab967a28689053,"{""adaptive_passes"": ""count"", ""flux_d"": ""Wb"", ""flux_q"": ""Wb"", ""id"": ""A"", ""if"": ""A"", ""iq"": ""A"", ""mesh_elements"": ""count"", ""pole_pairs"": ""count"", ""rotor_position"": ""deg"", ""torque"": ""N*m""}",eesm_task9_real_baseline_20260715,C:\Users\darsh\TAMU\EMPE_Lab\Motor_Control_NN_Pipeline\out\eesm\task9_baseline\raw\point_exports\82ab967a28689053_flux_abc.csv,C:\Users\darsh\TAMU\EMPE_Lab\Motor_Control_NN_Pipeline\out\eesm\task9_baseline\raw\solver_evidence\82ab967a28689053_mesh.ms,C:\Users\darsh\TAMU\EMPE_Lab\Motor_Control_NN_Pipeline\out\eesm\task9_baseline\raw\solver_evidence\82ab967a28689053_convergence.conv,f1e04575c5605fb4f5aae829a4f7a7b6dcc9e818de7248b23365c786eea0d33b,23c42534e809a3bd0f0108003d210fe0243642b0f7116b2fa655a67a63e8798f,7c57718b4e5e4e5811304e153aca984849198bbde1879a6c0c48a4bed21048bf,0b3f31e4d5d18ad01704f1d491360b41f699c62f0df6409bdbf99b56be3248f6,a432e50475905e95c1c289f172f741316dffb96b64faa439a4f5e6a1fcc035d1
5be3f9382f9994f4,reference,maxwell_aedt,interior,-86.854949,33.518475,4.790509,0.0110008915983,0.0522920561361,converged,True,eesm_qual:EESM_2D_Qual:Setup_Qual:5be3f9382f9994f4,eesm_qual,EESM_2D_Qual,Setup_Qual,180.0,1572,2,"{""errors"": [], ""solve_return"": 0, ""warnings"": []}",1.10086811498,-1.10086811498,2,5be3f9382f9994f4,"{""adaptive_passes"": ""count"", ""flux_d"": ""Wb"", ""flux_q"": ""Wb"", ""id"": ""A"", ""if"": ""A"", ""iq"": ""A"", ""mesh_elements"": ""count"", ""pole_pairs"": ""count"", ""rotor_position"": ""deg"", ""torque"": ""N*m""}",eesm_task9_real_baseline_20260715,C:\Users\darsh\TAMU\EMPE_Lab\Motor_Control_NN_Pipeline\out\eesm\task9_baseline\raw\point_exports\5be3f9382f9994f4_flux_abc.csv,C:\Users\darsh\TAMU\EMPE_Lab\Motor_Control_NN_Pipeline\out\eesm\task9_baseline\raw\solver_evidence\5be3f9382f9994f4_mesh.ms,C:\Users\darsh\TAMU\EMPE_Lab\Motor_Control_NN_Pipeline\out\eesm\task9_baseline\raw\solver_evidence\5be3f9382f9994f4_convergence.conv,f1e04575c5605fb4f5aae829a4f7a7b6dcc9e818de7248b23365c786eea0d33b,3871831f43998ffd764d77fdfa17c7b23a5fcdfaa2a5b94b14975ddd5236e5eb,f83ce2f4858fe5b0117d31142bf6111a2f423b37ff2f1aaea727df2cf03b237e,a41eccf1b66629554ea9f6af2c4e91fff6e7894e0147f5791a64e362f465b9ee,6dc3a2ae331b5ff384bbde9fb3ff5f37d9de89e9abb3f7c5f1c65eaacfa602a4
1e0504c4bffcb50a,reference,maxwell_aedt,saturation,-7.824179,107.93879,12.986609,0.0484856018533,0.0630255575463,converged,True,eesm_qual:EESM_2D_Qual:Setup_Qual:1e0504c4bffcb50a,eesm_qual,EESM_2D_Qual,Setup_Qual,180.0,1563,2,"{""errors"": [], ""solve_return"": 0, ""warnings"": []}",-16.9447316362,16.9447316362,2,1e0504c4bffcb50a,"{""adaptive_passes"": ""count"", ""flux_d"": ""Wb"", ""flux_q"": ""Wb"", ""id"": ""A"", ""if"": ""A"", ""iq"": ""A"", ""mesh_elements"": ""count"", ""pole_pairs"": ""count"", ""rotor_position"": ""deg"", ""torque"": ""N*m""}",eesm_task9_real_baseline_20260715,C:\Users\darsh\TAMU\EMPE_Lab\Motor_Control_NN_Pipeline\out\eesm\task9_baseline\raw\point_exports\1e0504c4bffcb50a_flux_abc.csv,C:\Users\darsh\TAMU\EMPE_Lab\Motor_Control_NN_Pipeline\out\eesm\task9_baseline\raw\solver_evidence\1e0504c4bffcb50a_mesh.ms,C:\Users\darsh\TAMU\EMPE_Lab\Motor_Control_NN_Pipeline\out\eesm\task9_baseline\raw\solver_evidence\1e0504c4bffcb50a_convergence.conv,f1e04575c5605fb4f5aae829a4f7a7b6dcc9e818de7248b23365c786eea0d33b,fc9cdedac6b9564b0ea536b0bd00a760e0379bcf9dfe97f75db8c2587e77cefe,ddb5565579326cccb93732be12ee6b954d30d5dc0ddcbc57407efac507b70b06,fcdbe47efceec2cc2aef65a76d5d1255411d20fd059eb15a6f9ce63f52039e11,82ce634bc15a67822f5d4b2fae159d4bdcdbb56c5d72b36e40db168e56724b65
ef4d2e93190c8d57,reference,maxwell_aedt,interior,-30.065814,49.548474,8.98395,-0.0307391262167,-0.0035309318067,converged,True,eesm_qual:EESM_2D_Qual:Setup_Qual:ef4d2e93190c8d57,eesm_qual,EESM_2D_Qual,Setup_Qual,180.0,1570,2,"{""errors"": [], ""solve_return"": 0, ""warnings"": []}",-3.5597216344,3.5597216344,2,ef4d2e93190c8d57,"{""adaptive_passes"": ""count"", ""flux_d"": ""Wb"", ""flux_q"": ""Wb"", ""id"": ""A"", ""if"": ""A"", ""iq"": ""A"", ""mesh_elements"": ""count"", ""pole_pairs"": ""count"", ""rotor_position"": ""deg"", ""torque"": ""N*m""}",eesm_task9_real_baseline_20260715,C:\Users\darsh\TAMU\EMPE_Lab\Motor_Control_NN_Pipeline\out\eesm\task9_baseline\raw\point_exports\ef4d2e93190c8d57_flux_abc.csv,C:\Users\darsh\TAMU\EMPE_Lab\Motor_Control_NN_Pipeline\out\eesm\task9_baseline\raw\solver_evidence\ef4d2e93190c8d57_mesh.ms,C:\Users\darsh\TAMU\EMPE_Lab\Motor_Control_NN_Pipeline\out\eesm\task9_baseline\raw\solver_evidence\ef4d2e93190c8d57_convergence.conv,f1e04575c5605fb4f5aae829a4f7a7b6dcc9e818de7248b23365c786eea0d33b,509c67c5b7e98abd898b25879454c290f0dfbb3a8df8085a3a8698b2175af2eb,4e02e4dcf4c2de45f288dc618317f384451f0d5beeb9b9feb2bc0f19fd54817d,b80bc7996e4343e309d960c81d790fd855150b3bbfdc9421a050f9fbccc7d073,b6ec72febfdb0e7c4591998ca0d3755737b07fc51fb696d36a9b086b2acc2520
4158030c6691f2d9,scheduler_audit,maxwell_aedt,saturation,-90.0,90.0,12.0,0.0210091173661,0.0504925559579,converged,True,eesm_qual:EESM_2D_Qual:Setup_Qual:4158030c6691f2d9,eesm_qual,EESM_2D_Qual,Setup_Qual,180.0,1568,2,"{""errors"": [], ""solve_return"": 0, ""warnings"": []}",-2.29820512551,2.29820512551,2,4158030c6691f2d9,"{""adaptive_passes"": ""count"", ""flux_d"": ""Wb"", ""flux_q"": ""Wb"", ""id"": ""A"", ""if"": ""A"", ""iq"": ""A"", ""mesh_elements"": ""count"", ""pole_pairs"": ""count"", ""rotor_position"": ""deg"", ""torque"": ""N*m""}",eesm_task9_real_baseline_20260715,C:\Users\darsh\TAMU\EMPE_Lab\Motor_Control_NN_Pipeline\out\eesm\task9_baseline\raw\point_exports\4158030c6691f2d9_flux_abc.csv,C:\Users\darsh\TAMU\EMPE_Lab\Motor_Control_NN_Pipeline\out\eesm\task9_baseline\raw\solver_evidence\4158030c6691f2d9_mesh.ms,C:\Users\darsh\TAMU\EMPE_Lab\Motor_Control_NN_Pipeline\out\eesm\task9_baseline\raw\solver_evidence\4158030c6691f2d9_convergence.conv,f1e04575c5605fb4f5aae829a4f7a7b6dcc9e818de7248b23365c786eea0d33b,01aab6eeb6fed31b9c681d0763c7d87d252ae1bd9d254a4b0c475a271f988862,49f30332f81be8e3559b10ffbe594ddd55ba446bee923200707666f4b05e54a3,18f646ce6654bec0af53d01d2b331e2097ac7325e15dfa40c2a97a66dd9e90d9,63bad947318b87537b66a2d020c71e5237debad55f992164ffefe9aa98130b8c
0cf5316bc227dcc2,scheduler_audit,maxwell_aedt,interior,-47.620086,103.751183,11.213749,-0.00898443554256,0.0295585906953,converged,True,eesm_qual:EESM_2D_Qual:Setup_Qual:0cf5316bc227dcc2,eesm_qual,EESM_2D_Qual,Setup_Qual,180.0,1562,2,"{""errors"": [], ""solve_return"": 0, ""warnings"": []}",-10.1691626416,10.1691626416,2,0cf5316bc227dcc2,"{""adaptive_passes"": ""count"", ""flux_d"": ""Wb"", ""flux_q"": ""Wb"", ""id"": ""A"", ""if"": ""A"", ""iq"": ""A"", ""mesh_elements"": ""count"", ""pole_pairs"": ""count"", ""rotor_position"": ""deg"", ""torque"": ""N*m""}",eesm_task9_real_baseline_20260715,C:\Users\darsh\TAMU\EMPE_Lab\Motor_Control_NN_Pipeline\out\eesm\task9_baseline\raw\point_exports\0cf5316bc227dcc2_flux_abc.csv,C:\Users\darsh\TAMU\EMPE_Lab\Motor_Control_NN_Pipeline\out\eesm\task9_baseline\raw\solver_evidence\0cf5316bc227dcc2_mesh.ms,C:\Users\darsh\TAMU\EMPE_Lab\Motor_Control_NN_Pipeline\out\eesm\task9_baseline\raw\solver_evidence\0cf5316bc227dcc2_convergence.conv,f1e04575c5605fb4f5aae829a4f7a7b6dcc9e818de7248b23365c786eea0d33b,56e59281252a647ae2c6955c3140c1482bb81c9b6a03e26113bf15d200849257,9c0597bef540425803c8bbdf86de0b5b61b4918130df2c07aef9dfb7de408f4c,7159b571e70e6ed2dca3e7a3e4fe3d927c9d505a40c32b175de914584726e644,90653fe728de1d58b64bd7bafced076e9aee1fa4cd79e9b7327d179a1e4bd77d
2b5756f3b7099ac5,scheduler_audit,maxwell_aedt,interior,-90.951262,3.958564,0.700314,-0.04010346613,-0.0152506239217,converged,True,eesm_qual:EESM_2D_Qual:Setup_Qual:2b5756f3b7099ac5,eesm_qual,EESM_2D_Qual,Setup_Qual,180.0,1568,2,"{""errors"": [], ""solve_return"": 0, ""warnings"": []}",4.30696523212,-4.30696523212,2,2b5756f3b7099ac5,"{""adaptive_passes"": ""count"", ""flux_d"": ""Wb"", ""flux_q"": ""Wb"", ""id"": ""A"", ""if"": ""A"", ""iq"": ""A"", ""mesh_elements"": ""count"", ""pole_pairs"": ""count"", ""rotor_position"": ""deg"", ""torque"": ""N*m""}",eesm_task9_real_baseline_20260715,C:\Users\darsh\TAMU\EMPE_Lab\Motor_Control_NN_Pipeline\out\eesm\task9_baseline\raw\point_exports\2b5756f3b7099ac5_flux_abc.csv,C:\Users\darsh\TAMU\EMPE_Lab\Motor_Control_NN_Pipeline\out\eesm\task9_baseline\raw\solver_evidence\2b5756f3b7099ac5_mesh.ms,C:\Users\darsh\TAMU\EMPE_Lab\Motor_Control_NN_Pipeline\out\eesm\task9_baseline\raw\solver_evidence\2b5756f3b7099ac5_convergence.conv,f1e04575c5605fb4f5aae829a4f7a7b6dcc9e818de7248b23365c786eea0d33b,268835b2bf63cf885d80e5bf4fafe004841faa8b1aca482817aa616d4ca2ce61,c639fb3cdcaadc303f7f3b253032955f706da738c09ec0d3915fb7955bb99f7a,7132c7f41aaca4ad7c78932beeb48b151aadd1cab6db588916f9e74ecb612144,75e57df1781879134536f63da6563488f63dd5736b57c958ecda74a3d78c5060
d46ba4638d0e7e03,scheduler_audit,maxwell_aedt,interior,-15.457319,78.60896,6.04811,-0.0171458528857,0.0102975940148,converged,True,eesm_qual:EESM_2D_Qual:Setup_Qual:d46ba4638d0e7e03,eesm_qual,EESM_2D_Qual,Setup_Qual,180.0,1564,2,"{""errors"": [], ""solve_return"": 0, ""warnings"": []}",-11.637221289,11.637221289,2,d46ba4638d0e7e03,"{""adaptive_passes"": ""count"", ""flux_d"": ""Wb"", ""flux_q"": ""Wb"", ""id"": ""A"", ""if"": ""A"", ""iq"": ""A"", ""mesh_elements"": ""count"", ""pole_pairs"": ""count"", ""rotor_position"": ""deg"", ""torque"": ""N*m""}",eesm_task9_real_baseline_20260715,C:\Users\darsh\TAMU\EMPE_Lab\Motor_Control_NN_Pipeline\out\eesm\task9_baseline\raw\point_exports\d46ba4638d0e7e03_flux_abc.csv,C:\Users\darsh\TAMU\EMPE_Lab\Motor_Control_NN_Pipeline\out\eesm\task9_baseline\raw\solver_evidence\d46ba4638d0e7e03_mesh.ms,C:\Users\darsh\TAMU\EMPE_Lab\Motor_Control_NN_Pipeline\out\eesm\task9_baseline\raw\solver_evidence\d46ba4638d0e7e03_convergence.conv,f1e04575c5605fb4f5aae829a4f7a7b6dcc9e818de7248b23365c786eea0d33b,5fb5cf3f19ace188efb0b2f1019157c94b258cef5e5888c14439775772daff62,9d78ff99ec298daaf650ddfdc84a357905b6e0bedf2cf3d7e05afb631881e365,0814afb5f76f2e4d27348f9f877568505e3127392b95b43b7626fc433b489a85,ff87ab2ece1fe4135cbb241e4f6c73b3c03c68de85e87e125b14da8e6868f0c6
