time_iso,rolling_s_per_pt,rolling_pts_per_h
2026-07-08T17:33:14,6.097,590.42
2026-07-08T17:33:19,6.060,594.10
2026-07-08T17:33:26,6.081,592.05
2026-07-08T17:33:32,6.088,591.33
2026-07-08T17:33:38,6.069,593.21
2026-07-08T17:33:44,6.076,592.50
2026-07-08T17:33:50,6.070,593.06
2026-07-08T17:33:56,6.065,593.52
2026-07-08T17:34:02,6.074,592.73
2026-07-08T17:34:08,6.073,592.81
2026-07-08T17:34:15,6.081,592.04
2026-07-08T17:34:20,6.062,593.85
2026-07-08T17:34:26,6.069,593.18
2026-07-08T17:34:32,6.079,592.22
2026-07-08T17:34:38,6.062,593.83
2026-07-08T17:34:45,6.066,593.51
2026-07-08T17:34:51,6.084,591.69
2026-07-08T17:34:57,6.058,594.30
2026-07-08T17:35:03,6.075,592.57
2026-07-08T17:35:09,6.070,593.07
2026-07-08T17:35:15,6.049,595.10
2026-07-08T17:35:21,6.074,592.68
2026-07-08T17:35:27,6.049,595.16
2026-07-08T17:35:33,6.054,594.61
2026-07-08T17:35:39,6.062,593.86
2026-07-08T17:35:46,6.098,590.32
2026-07-08T17:35:52,6.126,587.64
2026-07-08T17:35:59,6.172,583.25
2026-07-08T17:36:06,6.182,582.30
2026-07-08T17:36:12,6.203,580.35
2026-07-08T17:36:19,6.224,578.38
2026-07-08T17:36:26,6.290,572.38
2026-07-08T17:36:34,6.363,565.73
2026-07-08T17:36:40,6.396,562.87
2026-07-08T17:36:47,6.442,558.85
2026-07-08T17:36:53,6.424,560.39
2026-07-08T17:36:59,6.415,561.22
2026-07-08T17:37:05,6.410,561.64
2026-07-08T17:37:11,6.393,563.14
2026-07-08T17:37:17,6.389,563.48
2026-07-08T17:37:23,6.404,562.12
2026-07-08T17:37:30,6.474,556.04
2026-07-08T17:37:37,6.486,555.03
2026-07-08T17:37:43,6.503,553.58
2026-07-08T17:37:52,6.627,543.26
2026-07-08T17:38:00,6.676,539.22
2026-07-08T17:38:07,6.730,534.93
2026-07-08T17:38:15,6.780,531.00
2026-07-08T17:38:21,6.764,532.19
2026-07-08T17:38:27,6.731,534.86
2026-07-08T17:38:33,6.715,536.10
2026-07-08T17:38:39,6.655,540.91
2026-07-08T17:38:45,6.583,546.88
2026-07-08T17:38:52,6.573,547.72
2026-07-08T17:38:58,6.543,550.23
2026-07-08T17:39:04,6.525,551.74
2026-07-08T17:39:09,6.521,552.10
2026-07-08T17:39:16,6.551,549.50
2026-07-08T17:39:21,6.540,550.42
2026-07-08T17:39:27,6.542,550.29
2026-07-08T17:39:34,6.545,550.07
2026-07-08T17:39:41,6.512,552.86
2026-07-08T17:39:48,6.570,547.91
2026-07-08T17:39:54,6.568,548.12
2026-07-08T17:40:01,6.450,558.10
2026-07-08T17:40:06,6.333,568.46
2026-07-08T17:40:13,6.277,573.51
2026-07-08T17:40:20,6.262,574.92
2026-07-08T17:40:27,6.304,571.10
2026-07-08T17:40:34,6.387,563.64
2026-07-08T17:40:42,6.403,562.23
2026-07-08T17:40:57,6.885,522.86
2026-07-08T17:41:05,7.007,513.75
2026-07-08T17:41:13,7.071,509.10
2026-07-08T17:41:21,7.179,501.48
2026-07-08T17:41:29,7.284,494.21
2026-07-08T17:41:37,7.395,486.82
2026-07-08T17:41:44,7.401,486.39
2026-07-08T17:41:52,7.509,479.45
2026-07-08T17:42:00,7.619,472.47
2026-07-08T17:42:08,7.701,467.46
2026-07-08T17:42:16,7.761,463.87
2026-07-08T17:42:24,7.800,461.52
2026-07-08T17:42:32,7.880,456.88
2026-07-08T17:42:40,7.989,450.62
2026-07-08T17:42:47,8.052,447.07
2026-07-08T17:42:55,8.111,443.82
2026-07-08T17:43:05,8.217,438.12
2026-07-08T17:43:12,8.267,435.44
2026-07-08T17:43:21,8.313,433.08
2026-07-08T17:43:32,8.516,422.73
2026-07-08T17:43:38,8.078,445.65
2026-07-08T17:43:45,7.998,450.09
2026-07-08T17:43:53,7.963,452.07
2026-07-08T17:43:59,7.882,456.71
2026-07-08T17:44:06,7.827,459.97
2026-07-08T17:44:14,7.856,458.27
2026-07-08T17:44:26,8.109,443.93
2026-07-08T17:44:36,8.228,437.54
2026-07-08T17:44:47,8.381,429.54
2026-07-08T17:44:59,8.534,421.83
2026-07-08T17:45:08,8.606,418.29
2026-07-08T17:45:18,8.714,413.12
2026-07-08T17:45:26,8.692,414.16
2026-07-08T17:45:32,8.604,418.40
2026-07-08T17:45:40,8.641,416.62
2026-07-08T17:45:48,8.660,415.70
2026-07-08T17:45:54,8.493,423.87
2026-07-08T17:46:02,8.483,424.39
2026-07-08T17:46:09,8.401,428.53
2026-07-08T17:46:16,8.229,437.49
2026-07-08T17:46:23,8.223,437.82
2026-07-08T17:46:31,8.286,434.46
2026-07-08T17:46:39,8.302,433.63
2026-07-08T17:46:46,8.368,430.20
2026-07-08T17:46:54,8.388,429.18
2026-07-08T17:47:03,8.427,427.18
2026-07-08T17:47:11,8.240,436.90
2026-07-08T17:47:19,8.132,442.72
2026-07-08T17:47:27,7.978,451.25
2026-07-08T17:47:34,7.773,463.11
2026-07-08T17:47:42,7.687,468.30
2026-07-08T17:47:51,7.647,470.77
2026-07-08T17:47:59,7.687,468.32
2026-07-08T17:48:08,7.784,462.52
2026-07-08T17:48:16,7.780,462.73
2026-07-08T17:48:24,7.789,462.21
2026-07-08T17:48:32,7.862,457.90
2026-07-08T17:48:39,7.840,459.17
2026-07-08T17:48:46,7.873,457.26
2026-07-08T17:48:54,7.886,456.50
2026-07-08T17:49:02,7.961,452.19
2026-07-08T17:49:10,7.953,452.64
2026-07-08T17:49:17,7.916,454.77
2026-07-08T17:49:25,7.907,455.31
2026-07-08T17:49:33,7.949,452.87
2026-07-08T17:49:41,7.884,456.62
2026-07-08T17:49:48,7.874,457.22
2026-07-08T17:49:57,7.891,456.19
2026-07-08T17:50:05,7.884,456.63
2026-07-08T17:50:14,7.959,452.31
2026-07-08T17:50:21,7.980,451.12
2026-07-08T17:50:31,7.994,450.31
2026-07-08T17:50:39,7.991,450.51
2026-07-08T17:50:50,8.079,445.62
2026-07-08T17:51:00,8.232,437.33
2026-07-08T17:51:10,8.322,432.60
2026-07-08T17:51:20,8.415,427.83
2026-07-08T17:51:28,8.484,424.34
2026-07-08T17:51:37,8.522,422.44
2026-07-08T17:51:46,8.599,418.65
2026-07-08T17:51:55,8.627,417.27
2026-07-08T17:52:04,8.693,414.10
2026-07-08T17:52:13,8.783,409.89
2026-07-08T17:52:22,8.877,405.55
2026-07-08T17:52:33,9.004,399.84
2026-07-08T17:52:41,9.031,398.63
2026-07-08T17:52:50,9.103,395.49
2026-07-08T17:52:59,9.140,393.86
2026-07-08T17:53:09,9.196,391.46
2026-07-08T17:53:18,9.207,391.02
2026-07-08T17:53:27,9.288,387.61
2026-07-08T17:53:37,9.297,387.24
2026-07-08T17:53:47,9.391,383.36
2026-07-08T17:53:57,9.378,383.89
2026-07-08T17:54:08,9.357,384.72
2026-07-08T17:54:17,9.361,384.56
2026-07-08T17:54:28,9.394,383.24
2026-07-08T17:54:38,9.462,380.48
2026-07-08T17:54:48,9.555,376.77
2026-07-08T17:54:58,9.601,374.95
2026-07-08T17:55:08,9.668,372.35
2026-07-08T17:55:18,9.700,371.13
2026-07-08T17:55:28,9.783,368.00
2026-07-08T17:55:38,9.804,367.22
2026-07-08T17:55:49,9.820,366.61
2026-07-08T17:55:59,9.884,364.24
2026-07-08T17:56:09,9.922,362.85
2026-07-08T17:56:19,9.960,361.43
2026-07-08T17:56:29,9.995,360.19
2026-07-08T17:56:40,10.090,356.79
2026-07-08T17:56:49,10.098,356.52
2026-07-08T17:56:59,10.095,356.60
2026-07-08T17:57:09,10.117,355.84
2026-07-08T17:57:19,10.099,356.48
2026-07-08T17:57:30,10.113,355.99
2026-07-08T17:57:40,10.119,355.75
2026-07-08T17:57:50,10.112,356.00
2026-07-08T17:58:00,10.116,355.87
2026-07-08T17:58:10,10.123,355.61
2026-07-08T17:58:21,10.141,355.01
2026-07-08T17:58:32,10.203,352.82
2026-07-08T17:58:42,10.220,352.25
2026-07-08T17:58:52,10.194,353.14
2026-07-08T17:59:03,10.233,351.80
2026-07-08T17:59:13,10.210,352.61
2026-07-08T17:59:23,10.212,352.52
2026-07-08T17:59:35,10.296,349.65
2026-07-08T17:59:45,10.324,348.69
2026-07-08T17:59:56,10.353,347.72
2026-07-08T18:00:06,10.332,348.43
2026-07-08T18:00:17,10.412,345.75
2026-07-08T18:00:28,10.433,345.07
2026-07-08T18:00:38,10.421,345.47
2026-07-08T18:00:49,10.511,342.50
2026-07-08T18:01:00,10.512,342.47
2026-07-08T18:01:11,10.545,341.39
2026-07-08T18:01:22,10.599,339.66
2026-07-08T18:01:33,10.630,338.65
2026-07-08T18:01:44,10.696,336.57
2026-07-08T18:01:55,10.708,336.21
2026-07-08T18:02:06,10.717,335.91
2026-07-08T18:02:18,10.766,334.40
2026-07-08T18:02:29,10.867,331.27
2026-07-08T18:02:41,10.919,329.70
2026-07-08T18:02:54,11.029,326.42
2026-07-08T18:03:07,11.190,321.71
2026-07-08T18:03:18,11.161,322.54
2026-07-08T18:03:30,11.224,320.73
2026-07-08T18:03:42,11.331,317.71
2026-07-08T18:03:56,11.481,313.57
2026-07-08T18:04:10,11.625,309.67
2026-07-08T18:04:22,11.716,307.27
2026-07-08T18:04:34,11.800,305.09
2026-07-08T18:04:46,11.836,304.16
2026-07-08T18:04:57,11.862,303.49
2026-07-08T18:05:09,11.908,302.31
2026-07-08T18:05:21,11.946,301.35
2026-07-08T18:05:33,12.019,299.53
2026-07-08T18:05:49,12.231,294.34
2026-07-08T18:06:01,12.300,292.69
2026-07-08T18:06:14,12.360,291.27
2026-07-08T18:06:27,12.485,288.34
2026-07-08T18:06:39,12.491,288.20
2026-07-08T18:06:54,12.636,284.90
2026-07-08T18:07:08,12.701,283.43
2026-07-08T18:07:20,12.646,284.67
2026-07-08T18:07:34,12.819,280.84
2026-07-08T18:07:49,12.987,277.20
2026-07-08T18:08:03,13.052,275.82
2026-07-08T18:08:17,13.069,275.46
2026-07-08T18:08:29,12.973,277.50
2026-07-08T18:08:43,13.049,275.87
2026-07-08T18:08:57,13.148,273.80
2026-07-08T18:09:10,13.174,273.26
2026-07-08T18:09:22,13.235,272.01
2026-07-08T18:09:36,13.343,269.80
2026-07-08T18:09:50,13.446,267.73
2026-07-08T18:10:04,13.559,265.51
2026-07-08T18:10:18,13.476,267.14
2026-07-08T18:10:31,13.518,266.31
2026-07-08T18:10:44,13.535,265.97
2026-07-08T18:10:57,13.502,266.63
2026-07-08T18:11:11,13.567,265.35
2026-07-08T18:11:23,13.467,267.32
2026-07-08T18:11:38,13.486,266.94
2026-07-08T18:11:51,13.574,265.22
2026-07-08T18:12:05,13.543,265.83
2026-07-08T18:12:20,13.516,266.36
2026-07-08T18:12:34,13.523,266.22
2026-07-08T18:12:50,13.652,263.69
2026-07-08T18:13:04,13.754,261.74
2026-07-08T18:13:21,13.882,259.33
2026-07-08T18:13:35,13.884,259.28
2026-07-08T18:13:51,14.087,255.55
2026-07-08T18:14:12,14.513,248.05
2026-07-08T18:14:34,14.920,241.29
2026-07-08T18:14:58,15.424,233.40
2026-07-08T18:15:13,15.457,232.91
2026-07-08T18:15:28,15.474,232.65
2026-07-08T18:15:47,15.759,228.44
2026-07-08T18:16:00,15.787,228.03
2026-07-08T18:16:19,16.065,224.09
2026-07-08T18:16:34,16.193,222.32
2026-07-08T18:16:49,16.301,220.84
2026-07-08T18:17:06,16.418,219.27
2026-07-08T18:17:22,16.541,217.64
2026-07-08T18:17:44,16.947,212.43
2026-07-08T18:18:06,17.340,207.62
2026-07-08T18:18:27,17.648,203.99
2026-07-08T18:18:51,18.020,199.78
2026-07-08T18:19:16,18.585,193.71
2026-07-08T18:19:43,19.113,188.35
2026-07-08T18:20:07,19.610,183.58
2026-07-08T18:20:23,19.570,183.95
2026-07-08T18:20:43,19.520,184.42
2026-07-08T18:21:09,19.743,182.35
2026-07-08T18:21:38,19.976,180.22
2026-07-08T18:22:05,20.580,174.93
2026-07-08T18:22:32,21.203,169.79
2026-07-08T18:22:58,21.562,166.96
2026-07-08T18:23:25,22.238,161.89
2026-07-08T18:23:52,22.650,158.94
2026-07-08T18:24:18,23.186,155.27
2026-07-08T18:24:46,23.842,151.00
2026-07-08T18:25:15,24.432,147.35
2026-07-08T18:25:42,25.013,143.92
2026-07-08T18:26:12,25.410,141.68
2026-07-08T18:26:43,25.817,139.44
2026-07-08T18:27:12,26.276,137.01
2026-07-08T18:27:46,26.744,134.61
2026-07-08T18:28:16,27.004,133.31
2026-07-08T18:28:41,26.892,133.87
2026-07-08T18:29:00,26.646,135.10
2026-07-08T18:29:19,26.831,134.17
2026-07-08T18:29:39,26.801,134.33
2026-07-08T18:29:56,26.367,136.53
2026-07-08T18:30:19,26.056,138.17
2026-07-08T18:30:42,25.866,139.18
2026-07-08T18:31:05,25.637,140.42
2026-07-08T18:31:28,25.492,141.22
2026-07-08T18:31:51,25.327,142.14
2026-07-08T18:32:13,25.084,143.52
2026-07-08T18:32:35,24.833,144.97
2026-07-08T18:32:58,24.595,146.37
2026-07-08T18:33:22,24.388,147.62
2026-07-08T18:33:45,24.133,149.17
2026-07-08T18:34:06,23.684,152.00
2026-07-08T18:34:25,23.105,155.81
2026-07-08T18:34:45,22.663,158.85
2026-07-08T18:35:08,22.142,162.58
2026-07-08T18:35:31,21.736,165.62
2026-07-08T18:35:55,21.702,165.88
2026-07-08T18:36:23,22.151,162.52
2026-07-08T18:36:47,22.384,160.83
2026-07-08T18:37:11,22.617,159.18
2026-07-08T18:37:34,22.897,157.23
2026-07-08T18:37:57,22.921,157.06
2026-07-08T18:38:27,23.234,154.95
2026-07-08T18:38:52,23.387,153.93
2026-07-08T18:39:14,23.296,154.53
2026-07-08T18:39:37,23.302,154.50
2026-07-08T18:39:58,23.236,154.93
2026-07-08T18:40:18,23.149,155.52
2026-07-08T18:40:37,22.927,157.02
2026-07-08T18:41:09,23.343,154.22
2026-07-08T18:41:33,23.383,153.96
2026-07-08T18:41:55,23.453,153.50
2026-07-08T18:42:17,23.620,152.41
2026-07-08T18:42:40,23.705,151.87
2026-07-08T18:43:08,23.994,150.04
2026-07-08T18:43:30,23.963,150.23
2026-07-08T18:43:53,23.892,150.68
2026-07-08T18:44:17,23.739,151.65
2026-07-08T18:44:42,23.731,151.70
2026-07-08T18:45:06,23.750,151.58
2026-07-08T18:45:29,23.757,151.53
2026-07-08T18:46:01,24.195,148.79
2026-07-08T18:46:32,24.270,148.33
2026-07-08T18:47:00,24.399,147.55
2026-07-08T18:47:26,24.633,146.15
2026-07-08T18:47:59,25.055,143.68
2026-07-08T18:48:31,25.625,140.49
2026-07-08T18:48:59,26.082,138.03
2026-07-08T18:49:30,26.657,135.05
2026-07-08T18:50:01,26.591,135.38
2026-07-08T18:50:34,27.063,133.02
2026-07-08T18:51:08,27.645,130.22
2026-07-08T18:51:37,27.992,128.61
2026-07-08T18:52:04,28.215,127.59
2026-07-08T18:52:32,28.180,127.75
2026-07-08T18:52:58,28.411,126.71
2026-07-08T18:53:26,28.687,125.49
2026-07-08T18:53:57,28.988,124.19
2026-07-08T18:54:28,29.303,122.85
2026-07-08T18:54:58,29.605,121.60
2026-07-08T18:55:28,29.922,120.31
2026-07-08T18:55:56,29.728,121.10
2026-07-08T18:56:25,29.623,121.53
2026-07-08T18:56:53,29.657,121.39
2026-07-08T18:57:22,29.760,120.97
2026-07-08T18:57:48,29.456,122.22
2026-07-08T18:58:13,29.128,123.59
2026-07-08T18:58:44,29.228,123.17
2026-07-08T18:59:15,29.247,123.09
2026-07-08T18:59:48,29.337,122.71
2026-07-08T19:00:20,29.280,122.95
2026-07-08T19:00:51,29.166,123.43
2026-07-08T19:01:24,29.348,122.67
2026-07-08T19:01:56,29.622,121.53
2026-07-08T19:02:38,30.309,118.77
2026-07-08T19:03:09,30.533,117.90
2026-07-08T19:03:40,30.667,117.39
2026-07-08T19:04:11,30.707,117.24
2026-07-08T19:04:42,30.697,117.27
2026-07-08T19:05:12,30.715,117.21
2026-07-08T19:05:42,30.699,117.27
2026-07-08T19:06:11,30.765,117.02
2026-07-08T19:06:41,30.790,116.92
2026-07-08T19:07:12,30.928,116.40
2026-07-08T19:07:47,31.290,115.05
2026-07-08T19:08:22,31.698,113.57
2026-07-08T19:08:52,31.943,112.70
2026-07-08T19:09:25,32.027,112.40
2026-07-08T19:09:57,32.123,112.07
2026-07-08T19:10:34,32.290,111.49
2026-07-08T19:11:08,32.440,110.97
2026-07-08T19:11:44,32.637,110.30
2026-07-08T19:12:17,32.630,110.33
2026-07-08T19:12:51,32.723,110.02
2026-07-08T19:13:23,32.251,111.62
2026-07-08T19:13:56,32.372,111.21
2026-07-08T19:14:36,32.827,109.66
2026-07-08T19:15:09,32.908,109.40
2026-07-08T19:15:44,33.125,108.68
2026-07-08T19:16:20,33.389,107.82
2026-07-08T19:16:53,33.562,107.26
2026-07-08T19:17:24,33.638,107.02
2026-07-08T19:17:57,33.815,106.46
2026-07-08T19:18:34,34.078,105.64
2026-07-08T19:19:10,34.149,105.42
2026-07-08T19:19:46,34.242,105.13
2026-07-08T19:20:25,34.626,103.97
2026-07-08T19:21:01,34.820,103.39
2026-07-08T19:21:36,34.949,103.01
2026-07-08T19:22:09,34.760,103.57
2026-07-08T19:22:41,34.622,103.98
2026-07-08T19:23:12,34.384,104.70
2026-07-08T19:23:48,34.545,104.21
2026-07-08T19:24:24,34.679,103.81
2026-07-08T19:25:09,35.294,102.00
2026-07-08T19:25:41,35.218,102.22
2026-07-08T19:26:14,34.896,103.16
2026-07-08T19:26:47,34.894,103.17
2026-07-08T19:27:20,34.813,103.41
2026-07-08T19:27:56,34.769,103.54
2026-07-08T19:28:33,34.994,102.87
2026-07-08T19:29:09,35.258,102.10
2026-07-08T19:29:46,35.473,101.48
2026-07-08T19:30:25,35.569,101.21
2026-07-08T19:31:02,35.580,101.18
2026-07-08T19:31:36,35.465,101.51
2026-07-08T19:32:09,35.242,102.15
2026-07-08T19:32:44,35.132,102.47
2026-07-08T19:33:18,35.098,102.57
2026-07-08T19:33:53,35.208,102.25
2026-07-08T19:34:27,35.329,101.90
2026-07-08T19:35:01,35.474,101.48
2026-07-08T19:35:36,35.421,101.63
2026-07-08T19:36:12,35.378,101.76
2026-07-08T19:36:49,35.010,102.83
2026-07-08T19:37:25,35.194,102.29
2026-07-08T19:38:01,35.364,101.80
2026-07-08T19:38:41,35.660,100.95
2026-07-08T19:39:26,36.261,99.28
2026-07-08T19:40:10,36.721,98.04
2026-07-08T19:40:51,36.922,97.50
2026-07-08T19:41:28,36.919,97.51
2026-07-08T19:42:04,36.877,97.62
2026-07-08T19:42:41,36.828,97.75
2026-07-08T19:43:25,37.171,96.85
2026-07-08T19:44:03,37.369,96.34
2026-07-08T19:44:41,37.597,95.75
2026-07-08T19:45:18,37.727,95.42
2026-07-08T19:45:56,37.914,94.95
2026-07-08T19:46:34,38.032,94.66
2026-07-08T19:47:14,38.341,93.89
2026-07-08T19:47:57,38.812,92.75
2026-07-08T19:48:47,39.526,91.08
2026-07-08T19:49:38,40.303,89.32
2026-07-08T19:50:34,41.254,87.26
2026-07-08T19:51:16,41.555,86.63
2026-07-08T19:52:00,41.943,85.83
2026-07-08T19:52:45,42.199,85.31
2026-07-08T19:53:21,41.769,86.19
2026-07-08T19:54:06,41.780,86.17
2026-07-08T19:54:48,41.831,86.06
2026-07-08T19:55:28,42.040,85.63
2026-07-08T19:56:09,42.261,85.19
2026-07-08T19:56:50,42.413,84.88
2026-07-08T19:57:31,42.283,85.14
2026-07-08T19:58:11,42.374,84.96
2026-07-08T19:58:51,42.459,84.79
2026-07-08T19:59:28,42.477,84.75
2026-07-08T20:00:08,42.566,84.58
2026-07-08T20:00:47,42.684,84.34
2026-07-08T20:01:32,42.873,83.97
2026-07-08T20:02:18,43.015,83.69
2026-07-08T20:02:52,42.291,85.13
2026-07-08T20:03:31,41.629,86.48
2026-07-08T20:04:24,41.474,86.80
2026-07-08T20:05:02,41.292,87.18
2026-07-08T20:05:47,41.320,87.13
2026-07-08T20:06:33,41.427,86.90
2026-07-08T20:07:20,41.964,85.79
2026-07-08T20:08:19,42.669,84.37
2026-07-08T20:09:07,42.956,83.81
2026-07-08T20:09:41,42.616,84.47
2026-07-08T20:10:18,42.434,84.84
2026-07-08T20:11:02,42.621,84.47
2026-07-08T20:11:49,42.915,83.89
2026-07-08T20:12:33,43.128,83.47
2026-07-08T20:13:17,43.334,83.08
2026-07-08T20:14:04,43.807,82.18
2026-07-08T20:14:46,43.900,82.00
2026-07-08T20:15:31,44.167,81.51
2026-07-08T20:16:15,44.178,81.49
2026-07-08T20:17:00,44.103,81.63
2026-07-08T20:17:47,44.713,80.51
2026-07-08T20:18:26,44.795,80.37
2026-07-08T20:19:26,45.105,79.81
2026-07-08T20:20:06,45.201,79.65
2026-07-08T20:20:46,44.950,80.09
2026-07-08T20:21:21,44.376,81.12
2026-07-08T20:22:06,44.275,81.31
2026-07-08T20:22:46,43.335,83.07
2026-07-08T20:23:26,42.927,83.86
2026-07-08T20:24:12,43.590,82.59
2026-07-08T20:24:59,44.076,81.68
2026-07-08T20:25:51,44.429,81.03
2026-07-08T20:26:40,44.528,80.85
2026-07-08T20:27:27,44.686,80.56
2026-07-08T20:28:17,44.973,80.05
2026-07-08T20:29:05,45.055,79.90
2026-07-08T20:29:53,45.340,79.40
2026-07-08T20:30:41,45.507,79.11
2026-07-08T20:31:29,45.675,78.82
2026-07-08T20:32:20,45.990,78.28
2026-07-08T20:33:11,46.223,77.88
2026-07-08T20:34:04,46.877,76.80
2026-07-08T20:34:54,46.394,77.60
2026-07-08T20:35:47,47.086,76.46
2026-07-08T20:36:43,47.893,75.17
2026-07-08T20:37:48,49.379,72.91
2026-07-08T20:38:43,49.842,72.23
2026-07-08T20:39:39,50.678,71.04
2026-07-08T20:40:36,51.496,69.91
2026-07-08T20:41:33,52.014,69.21
2026-07-08T20:42:32,52.639,68.39
2026-07-08T20:43:27,52.801,68.18
2026-07-08T20:44:26,53.315,67.52
2026-07-08T20:45:24,53.848,66.85
2026-07-08T20:46:23,54.302,66.30
2026-07-08T20:47:20,54.774,65.73
2026-07-08T20:48:21,55.435,64.94
2026-07-08T20:49:20,55.972,64.32
2026-07-08T20:50:23,56.737,63.45
2026-07-08T20:51:26,57.330,62.79
2026-07-08T20:52:27,57.780,62.31
2026-07-08T20:53:25,58.056,62.01
2026-07-08T20:54:42,59.404,60.60
2026-07-08T20:55:45,59.892,60.11
2026-07-08T20:56:45,60.079,59.92
2026-07-08T20:57:47,59.950,60.05
2026-07-08T20:58:47,60.235,59.77
2026-07-08T20:59:50,60.533,59.47
2026-07-08T21:01:04,61.439,58.59
2026-07-08T21:02:20,62.343,57.74
2026-07-08T21:03:29,62.866,57.26
2026-07-08T21:04:28,63.077,57.07
2026-07-08T21:05:19,62.655,57.46
2026-07-08T21:06:18,62.698,57.42
2026-07-08T21:07:16,62.676,57.44
2026-07-08T21:08:14,62.667,57.45
2026-07-08T21:09:10,62.440,57.66
2026-07-08T21:10:07,62.321,57.77
2026-07-08T21:11:03,61.985,58.08
2026-07-08T21:12:01,61.719,58.33
2026-07-08T21:12:56,61.491,58.54
2026-07-08T21:13:55,61.491,58.55
2026-07-08T21:14:54,60.596,59.41
2026-07-08T21:15:52,60.330,59.67
2026-07-08T21:16:51,60.300,59.70
2026-07-08T21:17:50,60.143,59.86
2026-07-08T21:18:48,60.051,59.95
2026-07-08T21:19:47,59.852,60.15
2026-07-08T21:20:48,59.183,60.83
2026-07-08T21:21:50,58.521,61.52
2026-07-08T21:22:51,58.096,61.97
2026-07-08T21:23:48,57.961,62.11
2026-07-08T21:24:47,58.382,61.66
2026-07-08T21:25:49,58.544,61.49
2026-07-08T21:26:52,58.786,61.24
2026-07-08T21:28:02,59.432,60.57
2026-07-08T21:29:05,59.723,60.28
2026-07-08T21:30:06,59.985,60.01
2026-07-08T21:31:07,60.188,59.81
2026-07-08T21:32:11,60.522,59.48
2026-07-08T21:33:10,60.678,59.33
2026-07-08T21:34:11,60.808,59.20
2026-07-08T21:35:26,61.614,58.43
2026-07-08T21:36:28,61.831,58.22
2026-07-08T21:37:32,62.049,58.02
2026-07-08T21:38:38,62.419,57.67
2026-07-08T21:39:43,62.722,57.40
2026-07-08T21:40:53,63.288,56.88
2026-07-08T21:41:55,63.357,56.82
2026-07-08T21:43:00,63.504,56.69
2026-07-08T21:44:06,63.753,56.47
2026-07-08T21:45:11,64.172,56.10
2026-07-08T21:46:16,64.448,55.86
2026-07-08T21:47:18,64.454,55.85
2026-07-08T21:48:22,64.521,55.80
2026-07-08T21:49:32,64.475,55.84
2026-07-08T21:50:37,64.622,55.71
2026-07-08T21:51:44,64.871,55.49
2026-07-08T21:52:54,65.344,55.09
2026-07-08T21:54:05,65.719,54.78
2026-07-08T21:54:58,65.389,55.05
2026-07-08T21:56:11,66.000,54.55
2026-07-08T21:57:27,66.066,54.49
2026-07-08T21:58:39,66.533,54.11
2026-07-08T21:59:54,67.072,53.67
2026-07-08T22:01:08,67.492,53.34
2026-07-08T22:02:22,67.955,52.98
2026-07-08T22:03:38,68.251,52.75
2026-07-08T22:04:54,68.957,52.21
2026-07-08T22:06:08,69.369,51.90
2026-07-08T22:07:23,69.845,51.54
2026-07-08T22:08:38,70.358,51.17
2026-07-08T22:09:51,70.773,50.87
2026-07-08T22:11:06,71.393,50.43
2026-07-08T22:12:20,71.871,50.09
2026-07-08T22:13:39,72.334,49.77
2026-07-08T22:14:58,73.063,49.27
2026-07-08T22:16:17,73.662,48.87
2026-07-08T22:17:31,73.862,48.74
2026-07-08T22:18:46,74.050,48.62
2026-07-08T22:20:04,75.306,47.81
2026-07-08T22:21:21,75.520,47.67
2026-07-08T22:23:02,76.740,46.91
2026-07-08T22:24:20,77.023,46.74
2026-07-08T22:25:40,77.300,46.57
2026-07-08T22:27:01,77.624,46.38
2026-07-08T22:28:22,78.028,46.14
2026-07-08T22:29:48,78.500,45.86
2026-07-08T22:31:13,78.925,45.61
2026-07-08T22:32:37,79.479,45.30
2026-07-08T22:34:02,79.929,45.04
2026-07-08T22:35:23,80.226,44.87
2026-07-08T22:36:43,80.584,44.67
2026-07-08T22:38:00,80.704,44.61
2026-07-08T22:39:25,81.266,44.30
2026-07-08T22:40:45,81.313,44.27
2026-07-08T22:41:56,80.878,44.51
2026-07-08T22:43:13,80.827,44.54
2026-07-08T22:44:30,80.955,44.47
2026-07-08T22:45:49,81.117,44.38
2026-07-08T22:47:08,81.192,44.34
2026-07-08T22:48:27,81.255,44.30
2026-07-08T22:49:47,80.238,44.87
2026-07-08T22:51:09,80.481,44.73
2026-07-08T22:52:28,80.444,44.75
2026-07-08T22:53:45,80.207,44.88
2026-07-08T22:55:04,80.088,44.95
2026-07-08T22:56:24,79.818,45.10
2026-07-08T22:57:45,79.621,45.21
2026-07-08T22:59:09,79.620,45.21
2026-07-08T23:00:30,79.405,45.34
2026-07-08T23:01:49,79.335,45.38
2026-07-08T23:03:10,79.364,45.36
2026-07-08T23:04:33,79.668,45.19
2026-07-08T23:05:52,79.345,45.37
2026-07-08T23:07:17,79.615,45.22
2026-07-08T23:08:42,80.296,44.83
2026-07-08T23:10:01,80.394,44.78
2026-07-08T23:11:23,80.664,44.63
2026-07-08T23:12:46,80.877,44.51
2026-07-08T23:14:07,80.983,44.45
2026-07-08T23:15:30,81.175,44.35
2026-07-08T23:17:18,82.534,43.62
2026-07-08T23:18:41,82.591,43.59
2026-07-08T23:20:07,82.946,43.40
2026-07-08T23:21:32,83.381,43.18
2026-07-08T23:22:58,83.667,43.03
2026-07-08T23:24:22,83.895,42.91
2026-07-08T23:25:48,84.120,42.80
2026-07-08T23:27:14,84.209,42.75
2026-07-08T23:28:41,84.541,42.58
2026-07-08T23:30:06,84.851,42.43
2026-07-08T23:31:37,85.329,42.19
2026-07-08T23:33:06,85.625,42.04
2026-07-08T23:34:35,86.130,41.80
2026-07-08T23:35:57,85.997,41.86
2026-07-08T23:37:24,86.133,41.80
2026-07-08T23:38:52,86.526,41.61
2026-07-08T23:40:17,86.666,41.54
2026-07-08T23:41:41,86.752,41.50
2026-07-08T23:43:12,87.207,41.28
2026-07-08T23:44:39,87.435,41.17
2026-07-08T23:46:06,86.439,41.65
2026-07-08T23:47:33,86.614,41.56
2026-07-08T23:49:05,86.862,41.45
2026-07-08T23:50:37,87.230,41.27
2026-07-08T23:52:09,87.591,41.10
2026-07-08T23:53:43,88.047,40.89
2026-07-08T23:55:12,88.210,40.81
2026-07-08T23:56:45,88.546,40.66
2026-07-08T23:58:14,88.666,40.60
2026-07-08T23:59:39,88.621,40.62
2026-07-09T00:01:10,88.657,40.61
2026-07-09T00:02:41,88.771,40.55
2026-07-09T00:04:14,88.972,40.46
2026-07-09T00:05:47,89.509,40.22
2026-07-09T00:07:21,89.814,40.08
2026-07-09T00:09:00,90.413,39.82
2026-07-09T00:10:46,91.460,39.36
2026-07-09T00:12:26,92.210,39.04
2026-07-09T00:14:05,92.690,38.84
2026-07-09T00:15:44,93.278,38.59
2026-07-09T00:17:53,95.346,37.76
2026-07-09T00:19:39,96.270,37.39
2026-07-09T00:21:20,96.757,37.21
2026-07-09T00:23:02,97.271,37.01
2026-07-09T00:24:41,97.564,36.90
2026-07-09T00:26:26,98.133,36.68
2026-07-09T00:28:18,99.289,36.26
2026-07-09T00:29:59,99.744,36.09
2026-07-09T00:31:48,100.682,35.76
2026-07-09T00:33:21,101.112,35.60
2026-07-09T00:34:44,100.695,35.75
2026-07-09T00:35:56,99.727,36.10
2026-07-09T00:37:03,98.438,36.57
2026-07-09T00:38:17,97.468,36.94
2026-07-09T00:39:30,96.472,37.32
2026-07-09T00:40:44,95.190,37.82
2026-07-09T00:41:58,93.586,38.47
2026-07-09T00:43:09,92.168,39.06
2026-07-09T00:44:21,90.793,39.65
2026-07-09T00:45:32,89.398,40.27
2026-07-09T00:46:44,86.541,41.60
2026-07-09T00:47:56,84.872,42.42
2026-07-09T00:49:08,83.434,43.15
2026-07-09T00:50:22,81.954,43.93
2026-07-09T00:51:34,80.680,44.62
2026-07-09T00:52:48,79.134,45.49
2026-07-09T00:54:02,77.210,46.63
2026-07-09T00:55:15,75.782,47.50
2026-07-09T00:56:30,74.120,48.57
2026-07-09T00:57:43,73.077,49.26
2026-07-09T00:58:58,72.703,49.52
2026-07-09T01:00:11,72.759,49.48
2026-07-09T01:01:25,73.127,49.23
2026-07-09T01:02:39,73.146,49.22
2026-07-09T01:03:53,73.129,49.23
2026-07-09T01:05:08,73.219,49.17
2026-07-09T01:06:22,73.230,49.16
2026-07-09T01:07:40,73.533,48.96
2026-07-09T01:08:58,73.818,48.77
2026-07-09T01:10:14,74.065,48.61
2026-07-09T01:11:44,75.004,48.00
2026-07-09T01:12:59,75.126,47.92
2026-07-09T01:14:14,75.272,47.83
2026-07-09T01:15:28,75.324,47.79
2026-07-09T01:16:43,75.427,47.73
2026-07-09T01:17:56,75.385,47.75
2026-07-09T01:19:12,75.523,47.67
2026-07-09T01:20:29,75.696,47.56
2026-07-09T01:21:44,75.706,47.55
2026-07-09T01:23:01,75.926,47.41
2026-07-09T01:24:19,76.034,47.35
2026-07-09T01:25:33,76.112,47.30
2026-07-09T01:26:50,76.218,47.23
2026-07-09T01:28:07,76.370,47.14
2026-07-09T01:29:25,76.606,46.99
2026-07-09T01:30:42,76.706,46.93
2026-07-09T01:32:03,77.028,46.74
2026-07-09T01:33:21,77.096,46.69
2026-07-09T01:34:40,77.136,46.67
2026-07-09T01:36:00,77.296,46.57
2026-07-09T01:37:20,76.783,46.89
2026-07-09T01:38:48,77.486,46.46
2026-07-09T01:40:17,78.138,46.07
2026-07-09T01:41:45,78.853,45.65
2026-07-09T01:43:12,79.455,45.31
2026-07-09T01:44:32,79.780,45.12
2026-07-09T01:46:02,80.477,44.73
2026-07-09T01:47:32,81.136,44.37
2026-07-09T01:49:00,81.799,44.01
2026-07-09T01:50:24,82.141,43.83
2026-07-09T01:51:50,82.580,43.59
2026-07-09T01:53:15,83.077,43.33
2026-07-09T01:54:38,83.402,43.16
2026-07-09T01:56:00,83.675,43.02
2026-07-09T01:57:10,83.250,43.24
2026-07-09T01:58:16,82.680,43.54
2026-07-09T01:59:25,82.087,43.86
2026-07-09T02:00:32,81.536,44.15
2026-07-09T02:01:39,80.943,44.48
2026-07-09T02:02:49,80.459,44.74
2026-07-09T02:04:10,80.516,44.71
2026-07-09T02:05:20,79.584,45.24
2026-07-09T02:06:30,78.674,45.76
2026-07-09T02:07:39,77.672,46.35
2026-07-09T02:08:46,76.682,46.95
2026-07-09T02:09:51,75.952,47.40
2026-07-09T02:10:54,74.610,48.25
2026-07-09T02:12:00,73.390,49.05
2026-07-09T02:13:02,72.114,49.92
2026-07-09T02:14:05,71.071,50.65
2026-07-09T02:15:07,69.840,51.55
2026-07-09T02:16:09,68.736,52.37
2026-07-09T02:17:13,67.757,53.13
2026-07-09T02:18:20,66.956,53.77
2026-07-09T02:19:24,66.690,53.98
2026-07-09T02:20:26,66.491,54.14
2026-07-09T02:21:28,66.174,54.40
2026-07-09T02:22:30,65.894,54.63
2026-07-09T02:23:33,65.692,54.80
2026-07-09T02:24:38,65.457,55.00
2026-07-09T02:25:42,64.605,55.72
2026-07-09T02:26:46,64.320,55.97
2026-07-09T02:27:50,64.008,56.24
2026-07-09T02:28:53,63.714,56.50
2026-07-09T02:29:57,63.580,56.62
2026-07-09T02:31:02,63.565,56.63
2026-07-09T02:32:06,63.599,56.60
2026-07-09T02:33:11,63.566,56.63
2026-07-09T02:34:17,63.712,56.50
2026-07-09T02:35:30,64.251,56.03
2026-07-09T02:36:45,64.895,55.47
2026-07-09T02:37:59,65.488,54.97
2026-07-09T02:39:14,66.031,54.52
2026-07-09T02:40:28,66.423,54.20
2026-07-09T02:41:42,66.932,53.79
2026-07-09T02:42:57,67.571,53.28
2026-07-09T02:44:11,68.155,52.82
2026-07-09T02:45:25,68.766,52.35
2026-07-09T02:46:40,69.335,51.92
2026-07-09T02:47:54,69.809,51.57
2026-07-09T02:49:23,71.050,50.67
2026-07-09T02:50:30,71.201,50.56
2026-07-09T02:51:37,71.330,50.47
2026-07-09T02:52:44,71.551,50.31
2026-07-09T02:53:52,71.733,50.19
2026-07-09T02:55:01,71.976,50.02
2026-07-09T02:56:09,72.142,49.90
2026-07-09T02:57:17,72.314,49.78
2026-07-09T02:58:29,72.622,49.57
2026-07-09T02:59:41,72.537,49.63
2026-07-09T03:00:54,72.458,49.68
2026-07-09T03:02:03,72.222,49.85
2026-07-09T03:03:15,72.058,49.96
2026-07-09T03:04:26,71.880,50.08
2026-07-09T03:05:37,71.724,50.19
2026-07-09T03:06:46,71.455,50.38
2026-07-09T03:07:54,71.165,50.59
2026-07-09T03:09:06,71.053,50.67
2026-07-09T03:10:21,71.039,50.68
2026-07-09T03:11:37,71.144,50.60
2026-07-09T03:12:52,70.454,51.10
2026-07-09T03:14:06,70.800,50.85
2026-07-09T03:15:20,71.169,50.58
2026-07-09T03:16:34,71.528,50.33
2026-07-09T03:17:48,71.806,50.14
2026-07-09T03:18:59,71.859,50.10
2026-07-09T03:20:08,71.935,50.05
2026-07-09T03:21:20,72.127,49.91
2026-07-09T03:22:30,72.063,49.96
2026-07-09T03:23:42,72.066,49.95
2026-07-09T03:24:53,71.959,50.03
2026-07-09T03:26:06,72.103,49.93
2026-07-09T03:27:18,72.143,49.90
2026-07-09T03:28:30,72.216,49.85
2026-07-09T03:29:42,72.287,49.80
2026-07-09T03:30:55,72.446,49.69
2026-07-09T03:32:07,72.638,49.56
2026-07-09T03:33:23,72.827,49.43
2026-07-09T03:34:43,73.116,49.24
2026-07-09T03:36:03,73.324,49.10
2026-07-09T03:37:41,74.433,48.37
2026-07-09T03:39:01,74.706,48.19
2026-07-09T03:40:21,75.052,47.97
2026-07-09T03:41:43,75.443,47.72
2026-07-09T03:43:05,75.836,47.47
2026-07-09T03:44:25,76.326,47.17
2026-07-09T03:45:47,76.950,46.78
2026-07-09T03:47:08,77.401,46.51
2026-07-09T03:48:29,77.943,46.19
2026-07-09T03:49:52,78.487,45.87
2026-07-09T03:51:13,79.008,45.57
2026-07-09T03:52:36,79.519,45.27
2026-07-09T03:53:59,80.089,44.95
2026-07-09T03:55:22,80.583,44.67
2026-07-09T03:56:44,81.077,44.40
2026-07-09T03:58:07,81.562,44.14
2026-07-09T03:59:31,82.177,43.81
2026-07-09T04:00:53,82.490,43.64
2026-07-09T04:02:15,82.630,43.57
2026-07-09T04:03:37,82.699,43.53
2026-07-09T04:05:00,81.968,43.92
2026-07-09T04:06:25,82.215,43.79
2026-07-09T04:07:51,82.467,43.65
2026-07-09T04:09:17,82.674,43.54
2026-07-09T04:10:43,82.918,43.42
2026-07-09T04:12:08,83.160,43.29
2026-07-09T04:13:34,83.375,43.18
2026-07-09T04:15:01,83.646,43.04
2026-07-09T04:16:26,83.821,42.95
2026-07-09T04:17:52,84.014,42.85
2026-07-09T04:19:19,84.268,42.72
2026-07-09T04:20:45,84.442,42.63
2026-07-09T04:22:11,84.598,42.55
2026-07-09T04:23:38,84.812,42.45
2026-07-09T04:25:04,84.999,42.35
2026-07-09T04:26:31,85.246,42.23
2026-07-09T04:27:58,85.345,42.18
2026-07-09T04:29:24,85.546,42.08
2026-07-09T04:30:50,85.745,41.99
2026-07-09T04:32:18,86.039,41.84
2026-07-09T04:34:04,87.165,41.30
2026-07-09T04:35:30,87.256,41.26
2026-07-09T04:36:58,87.383,41.20
2026-07-09T04:38:27,87.514,41.14
2026-07-09T04:39:56,87.669,41.06
2026-07-09T04:41:25,87.807,41.00
2026-07-09T04:42:53,87.963,40.93
2026-07-09T04:44:22,88.058,40.88
2026-07-09T04:45:51,88.277,40.78
2026-07-09T04:47:21,88.434,40.71
2026-07-09T04:48:52,88.661,40.60
2026-07-09T04:50:21,88.830,40.53
2026-07-09T04:51:52,89.052,40.43
2026-07-09T04:53:22,89.232,40.34
2026-07-09T04:54:51,89.350,40.29
2026-07-09T04:56:20,89.411,40.26
2026-07-09T04:57:50,89.623,40.17
2026-07-09T04:59:21,89.857,40.06
2026-07-09T05:00:52,90.060,39.97
2026-07-09T05:02:23,90.250,39.89
2026-07-09T05:03:52,89.424,40.26
2026-07-09T05:05:22,89.599,40.18
2026-07-09T05:06:54,89.796,40.09
2026-07-09T05:08:27,89.974,40.01
2026-07-09T05:09:59,90.142,39.94
2026-07-09T05:11:32,90.381,39.83
2026-07-09T05:13:05,90.565,39.75
2026-07-09T05:14:37,90.777,39.66
2026-07-09T05:16:10,90.932,39.59
2026-07-09T05:17:43,91.116,39.51
2026-07-09T05:19:19,91.325,39.42
2026-07-09T05:20:53,91.563,39.32
2026-07-09T05:22:27,91.754,39.24
2026-07-09T05:24:02,91.970,39.14
2026-07-09T05:25:37,92.277,39.01
2026-07-09T05:27:11,92.585,38.88
2026-07-09T05:28:45,92.750,38.81
2026-07-09T05:30:20,92.965,38.72
2026-07-09T05:31:54,93.140,38.65
2026-07-09T05:33:29,93.285,38.59
2026-07-09T05:35:24,94.597,38.06
2026-07-09T05:36:58,94.826,37.96
2026-07-09T05:38:33,94.955,37.91
2026-07-09T05:40:09,95.112,37.85
2026-07-09T05:41:44,95.236,37.80
2026-07-09T05:43:21,95.420,37.73
2026-07-09T05:44:55,95.536,37.68
2026-07-09T05:46:33,95.784,37.58
2026-07-09T05:48:11,96.042,37.48
2026-07-09T05:49:48,96.237,37.41
2026-07-09T05:51:25,96.337,37.37
2026-07-09T05:53:03,96.543,37.29
2026-07-09T05:54:42,96.712,37.22
2026-07-09T05:56:20,96.928,37.14
2026-07-09T05:57:57,97.015,37.11
2026-07-09T05:59:36,97.230,37.03
2026-07-09T06:01:14,97.452,36.94
2026-07-09T06:02:52,97.599,36.89
2026-07-09T06:04:31,97.824,36.80
2026-07-09T06:06:09,98.004,36.73
2026-07-09T06:07:48,97.205,37.04
2026-07-09T06:09:26,97.363,36.98
2026-07-09T06:11:04,97.544,36.91
2026-07-09T06:12:44,97.783,36.82
2026-07-09T06:14:25,98.048,36.72
2026-07-09T06:16:06,98.283,36.63
2026-07-09T06:17:46,98.542,36.53
2026-07-09T06:19:27,98.689,36.48
2026-07-09T06:21:07,98.819,36.43
2026-07-09T06:22:48,98.980,36.37
2026-07-09T06:24:29,99.183,36.30
2026-07-09T06:26:09,99.298,36.25
2026-07-09T06:27:52,99.499,36.18
2026-07-09T06:29:32,99.577,36.15
2026-07-09T06:31:13,99.818,36.07
2026-07-09T06:32:56,99.983,36.01
2026-07-09T06:34:36,100.101,35.96
2026-07-09T06:36:19,100.330,35.88
2026-07-09T06:38:01,100.491,35.82
2026-07-09T06:39:44,100.742,35.73
2026-07-09T06:41:49,102.024,35.29
2026-07-09T06:43:31,102.254,35.21
2026-07-09T06:45:14,102.483,35.13
2026-07-09T06:46:56,102.590,35.09
2026-07-09T06:48:41,102.782,35.03
2026-07-09T06:50:24,102.895,34.99
2026-07-09T06:52:07,103.061,34.93
2026-07-09T06:53:52,103.262,34.86
2026-07-09T06:55:35,103.406,34.81
2026-07-09T06:57:19,103.561,34.76
2026-07-09T06:59:04,103.759,34.70
2026-07-09T07:00:48,103.941,34.64
2026-07-09T07:02:33,104.069,34.59
2026-07-09T07:04:16,104.220,34.54
2026-07-09T07:06:00,104.359,34.50
2026-07-09T07:07:45,104.477,34.46
2026-07-09T07:09:29,104.667,34.39
2026-07-09T07:11:14,104.748,34.37
2026-07-09T07:12:58,104.870,34.33
2026-07-09T07:14:42,104.933,34.31
2026-07-09T07:16:27,103.937,34.64
2026-07-09T07:18:10,103.955,34.63
2026-07-09T07:19:54,104.029,34.61
2026-07-09T07:21:41,104.214,34.54
2026-07-09T07:23:29,104.408,34.48
2026-07-09T07:25:18,104.683,34.39
2026-07-09T07:27:06,104.922,34.31
2026-07-09T07:28:54,105.121,34.25
2026-07-09T07:30:43,105.373,34.16
2026-07-09T07:32:32,105.629,34.08
2026-07-09T07:34:21,105.864,34.01
2026-07-09T07:36:11,106.127,33.92
2026-07-09T07:37:59,106.316,33.86
2026-07-09T07:39:48,106.593,33.77
2026-07-09T07:41:39,106.925,33.67
2026-07-09T07:43:28,107.164,33.59
2026-07-09T07:45:18,107.439,33.51
2026-07-09T07:47:09,107.762,33.41
2026-07-09T07:48:59,108.044,33.32
2026-07-09T07:50:50,108.359,33.22
2026-07-09T07:53:05,109.858,32.77
2026-07-09T07:54:55,110.268,32.65
2026-07-09T07:56:46,110.574,32.56
2026-07-09T07:58:36,110.797,32.49
2026-07-09T08:00:28,110.977,32.44
2026-07-09T08:02:20,111.098,32.40
2026-07-09T08:04:10,111.230,32.37
2026-07-09T08:06:02,111.380,32.32
2026-07-09T08:07:53,111.527,32.28
2026-07-09T08:09:45,111.697,32.23
2026-07-09T08:11:37,111.776,32.21
2026-07-09T08:13:28,111.872,32.18
2026-07-09T08:15:20,112.011,32.14
2026-07-09T08:17:11,112.164,32.10
2026-07-09T08:19:04,112.255,32.07
2026-07-09T08:20:56,112.363,32.04
2026-07-09T08:22:46,112.380,32.03
2026-07-09T08:24:41,112.614,31.97
2026-07-09T08:26:36,112.871,31.89
2026-07-09T08:28:31,113.073,31.84
2026-07-09T08:30:27,112.147,32.10
2026-07-09T08:32:22,112.329,32.05
2026-07-09T08:34:18,112.586,31.98
2026-07-09T08:36:14,112.858,31.90
2026-07-09T08:38:11,113.130,31.82
2026-07-09T08:40:09,113.459,31.73
2026-07-09T08:42:06,113.771,31.64
2026-07-09T08:44:03,114.035,31.57
2026-07-09T08:45:59,114.296,31.50
2026-07-09T08:47:57,114.580,31.42
2026-07-09T08:49:54,114.854,31.34
2026-07-09T08:51:50,115.095,31.28
2026-07-09T08:53:49,115.466,31.18
2026-07-09T08:55:45,115.700,31.11
2026-07-09T08:57:44,116.016,31.03
2026-07-09T08:59:43,116.374,30.93
2026-07-09T09:01:41,116.775,30.83
2026-07-09T09:03:40,116.944,30.78
2026-07-09T09:05:39,117.121,30.74
2026-07-09T09:07:37,117.316,30.69
2026-07-09T09:10:03,118.768,30.31
2026-07-09T09:12:01,118.952,30.26
2026-07-09T09:14:00,119.100,30.23
2026-07-09T09:15:58,119.238,30.19
2026-07-09T09:17:59,119.397,30.15
2026-07-09T09:19:58,119.466,30.13
2026-07-09T09:21:58,119.627,30.09
2026-07-09T09:23:58,119.776,30.06
2026-07-09T09:25:58,119.931,30.02
2026-07-09T09:27:58,120.041,29.99
2026-07-09T09:29:59,120.266,29.93
2026-07-09T09:32:00,120.470,29.88
2026-07-09T09:34:00,120.552,29.86
2026-07-09T09:36:01,120.753,29.81
2026-07-09T09:38:02,120.867,29.78
2026-07-09T09:40:02,120.955,29.76
2026-07-09T09:42:02,121.052,29.74
2026-07-09T09:44:03,121.152,29.71
2026-07-09T09:46:06,121.362,29.66
2026-07-09T09:48:09,121.558,29.62
2026-07-09T09:50:12,120.438,29.89
2026-07-09T09:52:14,120.639,29.84
2026-07-09T09:54:14,120.713,29.82
2026-07-09T09:56:13,120.744,29.82
2026-07-09T09:58:15,120.820,29.80
2026-07-09T10:00:16,120.907,29.77
2026-07-09T10:02:17,120.945,29.77
2026-07-09T10:04:20,121.074,29.73
2026-07-09T10:06:21,121.166,29.71
2026-07-09T10:08:24,121.328,29.67
2026-07-09T10:10:30,121.511,29.63
2026-07-09T10:12:35,121.797,29.56
2026-07-09T10:14:40,122.021,29.50
2026-07-09T10:16:45,122.227,29.45
2026-07-09T10:18:52,122.499,29.39
2026-07-09T10:20:58,122.793,29.32
2026-07-09T10:23:04,123.080,29.25
2026-07-09T10:25:10,123.357,29.18
2026-07-09T10:27:16,123.516,29.15
2026-07-09T10:29:23,123.748,29.09
2026-07-09T10:31:57,125.297,28.73
2026-07-09T10:34:05,125.567,28.67
2026-07-09T10:36:12,125.925,28.59
2026-07-09T10:38:20,126.338,28.49
2026-07-09T10:40:29,126.681,28.42
2026-07-09T10:42:38,127.092,28.33
2026-07-09T10:44:46,127.449,28.25
2026-07-09T10:46:55,127.776,28.17
2026-07-09T10:49:04,128.155,28.09
2026-07-09T10:51:13,128.434,28.03
2026-07-09T10:53:22,128.626,27.99
2026-07-09T10:55:31,128.768,27.96
2026-07-09T10:57:39,128.948,27.92
2026-07-09T10:59:48,129.142,27.88
2026-07-09T11:01:58,129.341,27.83
2026-07-09T11:04:09,129.546,27.79
2026-07-09T11:06:19,129.727,27.75
2026-07-09T11:08:28,129.891,27.72
2026-07-09T11:10:38,130.097,27.67
2026-07-09T11:12:50,130.331,27.62
2026-07-09T11:15:01,129.175,27.87
2026-07-09T11:17:11,129.311,27.84
2026-07-09T11:19:23,129.510,27.80
2026-07-09T11:21:33,129.626,27.77
2026-07-09T11:23:47,129.900,27.71
2026-07-09T11:25:53,129.760,27.74
2026-07-09T11:28:05,129.932,27.71
2026-07-09T11:30:18,130.115,27.67
2026-07-09T11:32:31,130.331,27.62
2026-07-09T11:34:43,130.488,27.59
2026-07-09T11:36:56,130.710,27.54
2026-07-09T11:39:08,130.880,27.51
2026-07-09T11:41:24,131.239,27.43
2026-07-09T11:43:38,131.511,27.37
2026-07-09T11:45:51,131.620,27.35
2026-07-09T11:48:04,131.769,27.32
2026-07-09T11:50:16,131.887,27.30
2026-07-09T11:52:31,132.156,27.24
2026-07-09T11:54:43,132.260,27.22
2026-07-09T11:56:56,132.308,27.21
2026-07-09T11:59:38,133.854,26.89
2026-07-09T12:01:53,134.099,26.85
2026-07-09T12:04:01,133.922,26.88
2026-07-09T12:06:06,133.660,26.93
2026-07-09T12:08:07,133.001,27.07
2026-07-09T13:49:19,133.336,27.00
2026-07-09T13:49:23,126.653,28.42
2026-07-09T13:49:28,119.907,30.02
2026-07-09T13:49:33,113.176,31.81
2026-07-09T13:49:38,106.473,33.81
2026-07-09T13:49:43,99.733,36.10
2026-07-09T13:49:48,93.020,38.70
2026-07-09T13:49:54,86.188,41.77
2026-07-09T13:49:59,79.430,45.32
2026-07-09T13:50:04,72.684,49.53
2026-07-09T13:50:09,65.946,54.59
2026-07-09T13:50:14,59.248,60.76
2026-07-09T13:50:20,52.459,68.63
2026-07-09T13:50:26,45.803,78.60
2026-07-09T13:50:30,39.058,92.17
2026-07-09T13:50:36,30.827,116.78
2026-07-09T13:50:41,23.962,150.24
2026-07-09T13:50:46,17.536,205.29
2026-07-09T13:50:51,11.203,321.34
2026-07-09T13:50:56,5.129,701.94
2026-07-09T13:51:01,5.090,707.22
2026-07-09T13:51:06,5.137,700.75
2026-07-09T13:51:11,5.151,698.95
2026-07-09T13:51:16,5.149,699.15
2026-07-09T13:51:21,5.155,698.32
2026-07-09T13:51:26,5.157,698.10
2026-07-09T13:51:32,5.227,688.78
2026-07-09T13:51:37,5.178,695.31
2026-07-09T13:51:43,5.158,698.00
2026-07-09T13:51:47,5.173,695.94
2026-07-09T13:51:53,5.159,697.78
2026-07-09T13:51:59,5.234,687.78
2026-07-09T13:52:04,5.178,695.29
2026-07-09T13:52:09,5.151,698.86
2026-07-09T13:52:14,5.159,697.83
2026-07-09T13:52:19,5.151,698.92
2026-07-09T13:52:25,5.220,689.64
2026-07-09T13:52:30,5.174,695.74
2026-07-09T13:52:35,5.218,689.93
2026-07-09T13:52:40,5.169,696.50
2026-07-09T13:52:47,5.340,674.21
2026-07-09T13:52:53,5.361,671.57
2026-07-09T13:53:00,5.441,661.65
2026-07-09T13:53:05,5.461,659.22
2026-07-09T13:53:11,5.475,657.58
2026-07-09T13:53:16,5.463,659.03
2026-07-09T13:53:22,5.462,659.09
2026-07-09T13:53:28,5.539,649.88
2026-07-09T13:53:34,5.570,646.36
2026-07-09T13:53:40,5.638,638.49
2026-07-09T13:53:46,5.663,635.65
2026-07-09T13:53:52,5.662,635.84
2026-07-09T13:53:58,5.742,626.99
2026-07-09T13:54:04,5.766,624.31
2026-07-09T13:54:10,5.842,616.24
2026-07-09T13:54:16,5.869,613.37
2026-07-09T13:54:22,5.875,612.77
2026-07-09T13:54:29,5.949,605.11
2026-07-09T13:54:34,5.973,602.69
2026-07-09T13:54:41,6.061,593.99
2026-07-09T13:54:47,5.956,604.41
2026-07-09T13:54:53,5.963,603.75
2026-07-09T13:54:59,5.961,603.93
2026-07-09T13:55:05,5.964,603.65
2026-07-09T13:55:11,6.027,597.32
2026-07-09T13:55:17,6.063,593.75
2026-07-09T13:55:23,6.076,592.47
2026-07-09T13:55:29,6.064,593.63
2026-07-09T13:55:35,6.060,594.01
2026-07-09T13:55:41,6.070,593.12
2026-07-09T13:55:47,6.067,593.40
2026-07-09T13:55:53,6.065,593.55
2026-07-09T13:56:00,6.062,593.85
2026-07-09T13:56:05,6.065,593.52
2026-07-09T13:56:12,6.064,593.64
2026-07-09T13:56:18,6.065,593.54
2026-07-09T13:56:24,6.062,593.83
2026-07-09T13:56:30,6.063,593.72
2026-07-09T13:56:36,6.065,593.53
2026-07-09T13:56:42,6.060,594.08
2026-07-09T13:56:48,6.067,593.38
2026-07-09T13:56:54,6.068,593.25
2026-07-09T13:57:00,6.067,593.36
2026-07-09T13:57:06,6.068,593.32
2026-07-09T13:57:12,6.064,593.63
2026-07-09T13:57:18,6.064,593.65
2026-07-09T13:57:24,6.058,594.24
2026-07-09T13:57:31,6.068,593.31
2026-07-09T13:57:36,6.066,593.48
2026-07-09T13:57:43,6.064,593.63
2026-07-09T13:57:49,6.065,593.53
2026-07-09T13:57:55,6.069,593.17
2026-07-09T13:58:01,6.063,593.72
2026-07-09T13:58:07,6.065,593.58
2026-07-09T13:58:13,6.068,593.25
2026-07-09T13:58:19,6.067,593.33
2026-07-09T13:58:25,6.066,593.50
2026-07-09T13:58:31,6.069,593.19
2026-07-09T13:58:37,6.065,593.58
2026-07-09T13:58:43,6.069,593.13
2026-07-09T13:58:49,6.066,593.51
2026-07-09T13:58:55,6.066,593.46
2026-07-09T13:59:02,6.064,593.72
2026-07-09T13:59:07,6.065,593.52
2026-07-09T13:59:14,6.066,593.51
2026-07-09T13:59:19,6.065,593.62
2026-07-09T13:59:26,6.064,593.69
2026-07-09T13:59:32,6.067,593.41
2026-07-09T13:59:38,6.062,593.82
2026-07-09T13:59:44,6.059,594.13
2026-07-09T13:59:50,6.061,593.94
2026-07-09T13:59:56,6.057,594.32
2026-07-09T14:00:02,6.059,594.14
2026-07-09T14:00:08,6.058,594.22
2026-07-09T14:00:14,6.057,594.36
2026-07-09T14:00:20,6.055,594.54
2026-07-09T14:00:26,6.059,594.16
2026-07-09T14:00:33,6.058,594.25
2026-07-09T14:00:38,6.059,594.15
2026-07-09T14:00:45,6.055,594.53
2026-07-09T14:00:50,6.056,594.41
2026-07-09T14:00:57,6.062,593.86
2026-07-09T14:01:03,6.068,593.26
2026-07-09T14:01:09,6.083,591.84
2026-07-09T14:01:15,6.084,591.72
2026-07-09T14:01:21,6.089,591.25
2026-07-09T14:01:28,6.098,590.38
2026-07-09T14:01:34,6.099,590.29
2026-07-09T14:01:41,6.156,584.77
2026-07-09T14:01:47,6.159,584.52
2026-07-09T14:01:53,6.159,584.53
2026-07-09T14:01:59,6.168,583.63
2026-07-09T14:02:06,6.174,583.13
2026-07-09T14:02:12,6.186,581.96
2026-07-09T14:02:18,6.199,580.72
2026-07-09T14:02:25,6.261,574.95
2026-07-09T14:02:32,6.270,574.17
2026-07-09T14:02:38,6.284,572.91
2026-07-09T14:02:44,6.294,572.00
2026-07-09T14:02:51,6.307,570.80
2026-07-09T14:02:58,6.365,565.58
2026-07-09T14:03:05,6.399,562.58
2026-07-09T14:03:12,6.454,557.81
2026-07-09T14:03:18,6.459,557.32
2026-07-09T14:03:25,6.473,556.12
2026-07-09T14:03:32,6.530,551.33
2026-07-09T14:03:38,6.546,549.99
2026-07-09T14:03:45,6.563,548.50
2026-07-09T14:03:52,6.561,548.73
2026-07-09T14:03:59,6.580,547.15
2026-07-09T14:04:06,6.653,541.13
2026-07-09T14:04:13,6.677,539.14
2026-07-09T14:04:20,6.741,534.04
2026-07-09T14:04:27,6.765,532.15
2026-07-09T14:04:35,6.821,527.76
2026-07-09T14:04:43,6.883,523.01
2026-07-09T14:04:51,6.969,516.60
2026-07-09T14:04:59,7.026,512.41
2026-07-09T14:05:05,7.061,509.85
2026-07-09T14:05:13,7.134,504.60
2026-07-09T14:05:21,7.175,501.72
2026-07-09T14:05:29,7.235,497.58
2026-07-09T14:05:37,7.264,495.60
2026-07-09T14:05:45,7.339,490.53
2026-07-09T14:05:53,7.425,484.85
2026-07-09T14:06:01,7.463,482.38
2026-07-09T14:06:09,7.534,477.82
2026-07-09T14:06:16,7.555,476.51
2026-07-09T14:06:24,7.578,475.03
2026-07-09T14:06:32,7.645,470.90
2026-07-09T14:06:39,7.670,469.39
2026-07-09T14:06:48,7.741,465.04
2026-07-09T14:06:55,7.720,466.34
2026-07-09T14:07:02,7.760,463.91
2026-07-09T14:07:10,7.790,462.11
2026-07-09T14:07:18,7.768,463.42
2026-07-09T14:07:26,7.766,463.56
2026-07-09T14:07:35,7.799,461.58
2026-07-09T14:07:42,7.854,458.38
2026-07-09T14:07:51,7.876,457.10
2026-07-09T14:07:58,7.865,457.72
2026-07-09T14:08:07,7.881,456.81
2026-07-09T14:08:15,7.896,455.93
2026-07-09T14:08:23,7.896,455.92
2026-07-09T14:08:31,7.903,455.52
2026-07-09T14:08:39,7.911,455.08
2026-07-09T14:08:47,7.909,455.20
2026-07-09T14:08:56,7.962,452.17
2026-07-09T14:09:05,8.062,446.55
2026-07-09T14:09:14,8.114,443.68
2026-07-09T14:09:22,8.114,443.65
2026-07-09T14:09:30,8.118,443.44
2026-07-09T14:09:38,8.171,440.59
2026-07-09T14:09:47,8.258,435.94
2026-07-09T14:09:56,8.289,434.29
2026-07-09T14:10:06,8.394,428.86
2026-07-09T14:10:16,8.471,424.97
2026-07-09T14:10:26,8.564,420.35
2026-07-09T14:10:36,8.659,415.74
2026-07-09T14:10:46,8.755,411.21
2026-07-09T14:10:56,8.876,405.57
2026-07-09T14:11:06,8.964,401.61
2026-07-09T14:11:16,9.056,397.52
2026-07-09T14:11:26,9.160,393.02
2026-07-09T14:11:36,9.247,389.30
2026-07-09T14:11:46,9.334,385.69
2026-07-09T14:11:56,9.429,381.80
2026-07-09T14:12:06,9.535,377.54
2026-07-09T14:12:16,9.565,376.37
2026-07-09T14:12:26,9.629,373.87
2026-07-09T14:12:36,9.729,370.02
2026-07-09T14:12:46,9.826,366.39
2026-07-09T14:12:57,9.930,362.54
2026-07-09T14:13:07,9.966,361.22
2026-07-09T14:13:17,10.035,358.74
2026-07-09T14:13:27,10.034,358.77
2026-07-09T14:13:37,10.067,357.62
2026-07-09T14:13:47,10.075,357.33
2026-07-09T14:13:57,10.084,356.99
2026-07-09T14:14:07,10.071,357.46
2026-07-09T14:14:17,10.059,357.89
2026-07-09T14:14:27,10.068,357.58
2026-07-09T14:14:38,10.070,357.50
2026-07-09T14:14:48,10.072,357.42
2026-07-09T14:14:58,10.081,357.12
2026-07-09T14:15:08,10.088,356.85
2026-07-09T14:15:18,10.106,356.21
2026-07-09T14:15:28,10.100,356.44
2026-07-09T14:15:38,10.103,356.32
2026-07-09T14:15:48,10.101,356.39
2026-07-09T14:15:59,10.119,355.75
2026-07-09T14:16:10,10.181,353.61
2026-07-09T14:16:21,10.188,353.35
2026-07-09T14:16:31,10.199,352.97
2026-07-09T14:16:41,10.201,352.90
2026-07-09T14:16:53,10.288,349.94
2026-07-09T14:17:03,10.309,349.21
2026-07-09T14:17:14,10.310,349.16
2026-07-09T14:17:25,10.373,347.07
2026-07-09T14:17:35,10.392,346.42
2026-07-09T14:17:46,10.418,345.54
2026-07-09T14:17:57,10.478,343.58
2026-07-09T14:18:08,10.499,342.88
2026-07-09T14:18:19,10.575,340.44
2026-07-09T14:18:30,10.606,339.44
2026-07-09T14:18:42,10.689,336.80
2026-07-09T14:18:52,10.712,336.07
2026-07-09T14:19:04,10.787,333.74
2026-07-09T14:19:16,10.868,331.24
2026-07-09T14:19:26,10.899,330.30
2026-07-09T14:19:38,10.961,328.43
2026-07-09T14:19:49,10.945,328.92
2026-07-09T14:20:01,10.997,327.36
2026-07-09T14:20:12,11.077,324.99
2026-07-09T14:20:23,11.108,324.08
2026-07-09T14:20:35,11.097,324.41
2026-07-09T14:20:47,11.175,322.15
2026-07-09T14:20:59,11.255,319.86
2026-07-09T14:21:11,11.290,318.87
2026-07-09T14:21:22,11.321,318.00
2026-07-09T14:21:33,11.374,316.51
2026-07-09T14:21:45,11.410,315.53
2026-07-09T14:21:57,11.484,313.49
2026-07-09T14:22:09,11.504,312.93
2026-07-09T14:22:20,11.518,312.57
2026-07-09T14:22:32,11.503,312.97
2026-07-09T14:22:44,11.569,311.19
2026-07-09T14:22:56,11.591,310.60
2026-07-09T14:23:08,11.613,309.99
2026-07-09T14:23:20,11.688,308.01
2026-07-09T14:23:32,11.707,307.50
2026-07-09T14:23:44,11.762,306.06
2026-07-09T14:23:57,11.811,304.81
2026-07-09T14:24:08,11.817,304.64
2026-07-09T14:24:21,11.883,302.96
2026-07-09T14:24:35,12.010,299.74
2026-07-09T14:24:47,11.999,300.03
2026-07-09T14:24:59,12.019,299.51
2026-07-09T14:25:11,12.016,299.60
2026-07-09T14:25:23,12.082,297.97
2026-07-09T14:25:35,12.106,297.38
2026-07-09T14:25:47,12.099,297.53
2026-07-09T14:26:00,12.112,297.23
2026-07-09T14:26:12,12.122,296.98
2026-07-09T14:26:24,12.171,295.79
2026-07-09T14:26:35,12.196,295.19
2026-07-09T14:26:48,12.210,294.84
2026-07-09T14:27:00,12.218,294.64
2026-07-09T14:27:12,12.216,294.70
2026-07-09T14:27:25,12.218,294.65
2026-07-09T14:27:38,12.277,293.24
2026-07-09T14:27:50,12.302,292.64
2026-07-09T14:28:03,12.290,292.92
2026-07-09T14:28:15,12.308,292.50
2026-07-09T14:28:28,12.371,290.99
2026-07-09T14:28:40,12.287,293.00
2026-07-09T14:28:54,12.370,291.03
2026-07-09T14:29:07,12.397,290.39
2026-07-09T14:29:21,12.507,287.84
2026-07-09T14:29:34,12.516,287.64
2026-07-09T14:29:47,12.575,286.29
2026-07-09T14:29:59,12.598,285.75
2026-07-09T14:30:12,12.600,285.71
2026-07-09T14:30:25,12.671,284.11
2026-07-09T14:30:39,12.773,281.84
2026-07-09T14:30:53,12.870,279.72
2026-07-09T14:31:06,12.909,278.88
2026-07-09T14:31:20,12.972,277.53
2026-07-09T14:31:33,13.048,275.90
2026-07-09T14:31:48,13.193,272.88
2026-07-09T14:32:02,13.233,272.04
2026-07-09T14:32:18,13.390,268.86
2026-07-09T14:32:32,13.476,267.15
2026-07-09T14:32:46,13.550,265.68
2026-07-09T14:33:00,13.596,264.77
2026-07-09T14:33:16,13.782,261.21
2026-07-09T14:33:30,13.793,261.01
2026-07-09T14:33:44,13.860,259.74
2026-07-09T14:33:58,13.862,259.70
2026-07-09T14:34:13,13.971,257.67
2026-07-09T14:34:29,14.111,255.12
2026-07-09T14:34:43,14.172,254.02
2026-07-09T14:34:57,14.281,252.09
2026-07-09T14:35:11,14.283,252.05
2026-07-09T14:35:25,14.287,251.97
2026-07-09T14:35:39,14.318,251.43
2026-07-09T14:35:56,14.482,248.58
2026-07-09T14:36:12,14.611,246.39
2026-07-09T14:36:27,14.711,244.71
2026-07-09T14:36:44,14.757,243.95
2026-07-09T14:37:00,14.893,241.73
2026-07-09T14:37:16,14.879,241.95
2026-07-09T14:37:32,14.999,240.01
2026-07-09T14:37:48,15.132,237.91
2026-07-09T14:38:05,15.241,236.20
2026-07-09T14:38:21,15.231,236.35
